arm,field,scope,n,mean_pred,realised,gap,skill_vs_eval_base,auc
A_base,p_touch_2,all,17350,0.7082962431720602,0.6325648414985591,-0.07573140167350112,0.0033166548640600757,0.6105369172361428
A_base,p_touch_2,side=long,7178,0.7581457762362696,0.657286152131513,-0.10085962410475657,0.010588283977318147,0.6404630510378864
A_base,p_touch_2,side=short,10172,0.6731192919004423,0.6151199370821864,-0.05799935481825591,-0.0015726655942795986,0.5856618722407659
A_base,p_touch_3,all,17350,0.5682323699091334,0.5115273775216138,-0.05670499238751958,0.04646513177340872,0.6441926328472309
A_base,p_touch_3,side=long,7178,0.6225098412262511,0.5458344942881025,-0.07667534693814859,0.06531622206150856,0.6689554580557878
A_base,p_touch_3,side=short,10172,0.529930788203051,0.4873181281950452,-0.04261266000800573,0.03323428505018755,0.6212505979032334
A_base,p_touch_5,all,17350,0.36319072244623296,0.30703170028818444,-0.05615902215804852,0.07706705951809467,0.6917251211818359
A_base,p_touch_5,side=long,7178,0.4039299090955135,0.3410420730008359,-0.06288783609467763,0.11395302070395474,0.7126632259669194
A_base,p_touch_5,side=short,10172,0.3344426019420513,0.28303185214313803,-0.05141074979891325,0.048174414908965124,0.670174291039379
A_base,p_touch_10,all,17350,0.20051837100552436,0.17164265129682998,-0.028875719708694375,0.12976001296555384,0.7535205875651428
A_base,p_touch_10,side=long,7178,0.2205103193552145,0.1986625801058791,-0.02184773924933542,0.15025775604760938,0.7580422054552158
A_base,p_touch_10,side=short,10172,0.18641080068955151,0.1525756979944947,-0.03383510269505682,0.11191914066539377,0.744454988100079
A_base,p_adverse_3,all,17350,0.31844561129628285,0.46812680115273775,0.1496811898564549,-0.043402956333980836,0.6265595635351526
A_base,p_adverse_3,side=long,7178,0.33358033808601956,0.44859292281972696,0.1150125847337074,-0.01226762137776971,0.6216943669398247
A_base,p_adverse_3,side=short,10172,0.30776560059074504,0.48191112858828156,0.17414552799753652,-0.0651872368063926,0.6341702492186514
A_base,p_adverse_5,all,17350,0.1726786651658843,0.27642651296829973,0.10374784780241544,0.014299422554942987,0.6664579325902593
A_base,p_adverse_5,side=long,7178,0.19568201802728896,0.2524380050153246,0.056755986988035634,0.039550670359981166,0.6572191518999111
A_base,p_adverse_5,side=short,10172,0.15644605930281288,0.29335430593786865,0.13690824663505577,-0.0019489583595804216,0.6838758436760105
D_both,p_touch_2,all,17350,0.7076845938668446,0.6325648414985591,-0.0751197523682855,0.007013952745234309,0.6139800652105945
D_both,p_touch_2,side=long,7178,0.7683934341320687,0.657286152131513,-0.11110728200055575,0.007867161697294844,0.6485173543977916
D_both,p_touch_2,side=short,10172,0.6648446356065439,0.6151199370821864,-0.04972469852435757,0.006440269472947735,0.588350437037976
D_both,p_touch_3,all,17350,0.5698154745343437,0.5115273775216138,-0.058288097012729856,0.04556592157902406,0.6464568565374548
D_both,p_touch_3,side=long,7178,0.6362103273603228,0.5458344942881025,-0.0903758330722203,0.05626543970881748,0.671246441623841
D_both,p_touch_3,side=short,10172,0.5229631098484531,0.4873181281950452,-0.03564498165340785,0.03805634615266318,0.624189506263937
D_both,p_touch_5,all,17350,0.3608181760181492,0.30703170028818444,-0.053786475729964756,0.07973889180664318,0.6941623027424082
D_both,p_touch_5,side=long,7178,0.41013113743834123,0.3410420730008359,-0.06908906443750534,0.10864085675331492,0.715310682059998
D_both,p_touch_5,side=short,10172,0.3260198632896653,0.28303185214313803,-0.04298801114652728,0.05710008357545593,0.6723894409876062
D_both,p_touch_10,all,17350,0.1986666036702692,0.17164265129682998,-0.027023952373439214,0.1275124848265744,0.7542989437150852
D_both,p_touch_10,side=long,7178,0.22240999888084065,0.1986625801058791,-0.02374741877496156,0.13608823570174433,0.7523107396512609
D_both,p_touch_10,side=short,10172,0.18191177759658836,0.1525756979944947,-0.029336079602093668,0.12004830325158744,0.7495357386322864
D_both,p_adverse_3,all,17350,0.31404001561511496,0.46812680115273775,0.15408678553762278,-0.04409941121422656,0.6302006531943988
D_both,p_adverse_3,side=long,7178,0.3169060474658116,0.44859292281972696,0.13168687535391538,-0.025786739288716776,0.6210444135472147
D_both,p_adverse_3,side=short,10172,0.31201756411842796,0.48191112858828156,0.1698935644698536,-0.056912132901197676,0.6371403996509963
D_both,p_adverse_5,all,17350,0.1682846761994637,0.27642651296829973,0.10814183676883604,0.010136956198720681,0.6697006878574798
D_both,p_adverse_5,side=long,7178,0.18407706562939508,0.2524380050153246,0.06836093938592952,0.031141672088841776,0.6570762975779971
D_both,p_adverse_5,side=short,10172,0.15714057756320257,0.29335430593786865,0.13621372837466608,-0.003378915469052002,0.6845159669974235
