arm,window,head,tau,cov,cov_err,cov_ok
multi,validate_gate,terminal_h5_q05,0.05,0.05124307526009999,0.0012430752600999864,True
multi,validate_gate,terminal_h5_q25,0.25,0.23983245507363868,-0.010167544926361322,True
multi,validate_gate,terminal_h5_q50,0.5,0.4940616132955006,-0.005938386704499421,True
multi,validate_gate,terminal_h5_q75,0.75,0.7255776246453182,-0.024422375354681836,True
multi,validate_gate,terminal_h5_q95,0.95,0.9373463045534387,-0.012653695446561253,True
multi,validate,terminal_h5_q05,0.05,0.05124307526009999,0.0012430752600999864,True
multi,validate,terminal_h5_q25,0.25,0.23983245507363868,-0.010167544926361322,True
multi,validate,terminal_h5_q50,0.5,0.4940616132955006,-0.005938386704499421,True
multi,validate,terminal_h5_q75,0.75,0.7255776246453182,-0.024422375354681836,True
multi,validate,terminal_h5_q95,0.95,0.9373463045534387,-0.012653695446561253,True
multi,validate_gate,terminal_h10_q05,0.05,0.03565058775841102,-0.014349412241588984,True
multi,validate_gate,terminal_h10_q25,0.25,0.21229563572490204,-0.03770436427509796,True
multi,validate_gate,terminal_h10_q50,0.5,0.4654708823132009,-0.034529117686799116,True
multi,validate_gate,terminal_h10_q75,0.75,0.7190177003107688,-0.030982299689231163,True
multi,validate_gate,terminal_h10_q95,0.95,0.9379610863396838,-0.012038913660316175,True
multi,validate,terminal_h10_q05,0.05,0.03565058775841102,-0.014349412241588984,True
multi,validate,terminal_h10_q25,0.25,0.21229563572490204,-0.03770436427509796,True
multi,validate,terminal_h10_q50,0.5,0.4654708823132009,-0.034529117686799116,True
multi,validate,terminal_h10_q75,0.75,0.7190177003107688,-0.030982299689231163,True
multi,validate,terminal_h10_q95,0.95,0.9379610863396838,-0.012038913660316175,True
multi,eval,terminal_h5_q05,0.05,0.066845694799659,0.016845694799659,True
multi,eval,terminal_h5_q25,0.25,0.29704177323103154,0.047041773231031536,True
multi,eval,terminal_h5_q50,0.5,0.5340892298948565,0.03408922989485652,True
multi,eval,terminal_h5_q75,0.75,0.7302131287297529,-0.01978687127024714,True
multi,eval,terminal_h5_q95,0.95,0.9169820971867007,-0.033017902813299305,True
multi,eval,terminal_h10_q05,0.05,0.06252912759306621,0.012529127593066208,True
multi,eval,terminal_h10_q25,0.25,0.29123330491616933,0.04123330491616933,True
multi,eval,terminal_h10_q50,0.5,0.5346916737709576,0.03469167377095761,True
multi,eval,terminal_h10_q75,0.75,0.7360045467462347,-0.013995453253765278,True
multi,eval,terminal_h10_q95,0.95,0.9122591645353793,-0.0377408354646207,True
terminal_only,validate_gate,terminal_h5_q05,0.05,0.052749628428590725,0.0027496284285907224,True
terminal_only,validate_gate,terminal_h5_q25,0.25,0.2274422375354682,-0.02255776246453181,True
terminal_only,validate_gate,terminal_h5_q50,0.5,0.472233481961897,-0.027766518038102983,True
terminal_only,validate_gate,terminal_h5_q75,0.75,0.7083164437238211,-0.041683556276178924,True
terminal_only,validate_gate,terminal_h5_q95,0.95,0.9277462505066882,-0.022253749493311714,True
terminal_only,validate,terminal_h5_q05,0.05,0.052749628428590725,0.0027496284285907224,True
terminal_only,validate,terminal_h5_q25,0.25,0.2274422375354682,-0.02255776246453181,True
terminal_only,validate,terminal_h5_q50,0.5,0.472233481961897,-0.027766518038102983,True
terminal_only,validate,terminal_h5_q75,0.75,0.7083164437238211,-0.041683556276178924,True
terminal_only,validate,terminal_h5_q95,0.95,0.9277462505066882,-0.022253749493311714,True
terminal_only,validate_gate,terminal_h10_q05,0.05,0.03352925280367518,-0.016470747196324825,True
terminal_only,validate_gate,terminal_h10_q25,0.25,0.19678421834887178,-0.053215781651128224,False
terminal_only,validate_gate,terminal_h10_q50,0.5,0.4410147277394947,-0.05898527226050532,False
terminal_only,validate_gate,terminal_h10_q75,0.75,0.6931360626942306,-0.05686393730576944,False
terminal_only,validate_gate,terminal_h10_q95,0.95,0.9292257802999595,-0.020774219700040453,True
terminal_only,validate,terminal_h10_q05,0.05,0.03352925280367518,-0.016470747196324825,True
terminal_only,validate,terminal_h10_q25,0.25,0.19678421834887178,-0.053215781651128224,False
terminal_only,validate,terminal_h10_q50,0.5,0.4410147277394947,-0.05898527226050532,False
terminal_only,validate,terminal_h10_q75,0.75,0.6931360626942306,-0.05686393730576944,False
terminal_only,validate,terminal_h10_q95,0.95,0.9292257802999595,-0.020774219700040453,True
terminal_only,eval,terminal_h5_q05,0.05,0.06680022733731174,0.016800227337311735,True
terminal_only,eval,terminal_h5_q25,0.25,0.28252060244387606,0.03252060244387606,True
terminal_only,eval,terminal_h5_q50,0.5,0.5132395566922421,0.013239556692242083,True
terminal_only,eval,terminal_h5_q75,0.75,0.7177578857630008,-0.032242114236999186,True
terminal_only,eval,terminal_h5_q95,0.95,0.9158454106280194,-0.03415458937198057,True
terminal_only,eval,terminal_h10_q05,0.05,0.0607132708155726,0.0107132708155726,True
terminal_only,eval,terminal_h10_q25,0.25,0.27292412617220796,0.02292412617220796,True
terminal_only,eval,terminal_h10_q50,0.5,0.5107786302926968,0.010778630292696767,True
terminal_only,eval,terminal_h10_q75,0.75,0.7203324808184143,-0.029667519181585722,True
terminal_only,eval,terminal_h10_q95,0.95,0.9081045751633988,-0.041895424836601136,True
