run,steps,family,head,tau,improve_pct,beats,cov,cov_err,cov_ok
1,"[742, 545, 545]",terminal,terminal_h5_q05,0.05,3.2295614784682187,True,0.0853730712322976,0.035373071232297604,True
1,"[742, 545, 545]",terminal,terminal_h5_q25,0.25,1.3106192294952108,True,0.33748414711477487,0.08748414711477487,False
1,"[742, 545, 545]",terminal,terminal_h5_q50,0.5,1.49325747165676,True,0.5695835975480871,0.06958359754808707,False
1,"[742, 545, 545]",terminal,terminal_h5_q75,0.75,6.427690198745024,True,0.7721861128725427,0.022186112872542685,True
1,"[742, 545, 545]",terminal,terminal_h5_q95,0.95,16.49506625912122,True,0.9384828788839569,-0.011517121116043083,True
1,"[742, 545, 545]",terminal,terminal_h10_q05,0.05,-0.8509362935005621,False,0.10064468399915451,0.050644683999154505,False
1,"[742, 545, 545]",terminal,terminal_h10_q25,0.25,-0.7828166182315773,False,0.3429481082223631,0.0929481082223631,False
1,"[742, 545, 545]",terminal,terminal_h10_q50,0.5,0.08920175326214819,True,0.5741941450010568,0.07419414500105681,False
1,"[742, 545, 545]",terminal,terminal_h10_q75,0.75,5.515378901749299,True,0.7673272035510463,0.017327203551046333,True
1,"[742, 545, 545]",terminal,terminal_h10_q95,0.95,15.718048106580804,True,0.9423139928133587,-0.007686007186641253,True
1,"[742, 545, 545]",peak,peak_h5_q05,0.05,2.212765012990602,True,0.06059765377298668,0.01059765377298668,True
1,"[742, 545, 545]",peak,peak_h5_q25,0.25,9.206251352036379,True,0.25168833227647425,0.001688332276474247,True
1,"[742, 545, 545]",peak,peak_h5_q50,0.5,15.94305179870433,True,0.4746697315578101,-0.025330268442189885,True
1,"[742, 545, 545]",peak,peak_h5_q75,0.75,21.822083092965578,True,0.7114193616571549,-0.038580638342845086,True
1,"[742, 545, 545]",peak,peak_h5_q95,0.95,25.614193913522172,True,0.9225982878883957,-0.02740171211160425,True
1,"[742, 545, 545]",peak,peak_h10_q05,0.05,2.2755296275227934,True,0.05830691185795815,0.008306911857958149,True
1,"[742, 545, 545]",peak,peak_h10_q25,0.25,9.128452360922038,True,0.24479761149862608,-0.005202388501373917,True
1,"[742, 545, 545]",peak,peak_h10_q50,0.5,14.955587402554551,True,0.4635410061297823,-0.036458993870217726,True
1,"[742, 545, 545]",peak,peak_h10_q75,0.75,19.933435628721995,True,0.6935293806806171,-0.05647061931938291,False
1,"[742, 545, 545]",peak,peak_h10_q95,0.95,23.989470224141545,True,0.9240514690340308,-0.025948530965969163,True
1,"[742, 545, 545]",trough,trough_h5_q05,0.05,7.250770082633254,True,0.07129042485732404,0.021290424857324033,True
1,"[742, 545, 545]",trough,trough_h5_q25,0.25,5.805306888132879,True,0.2863744451490171,0.03637444514901711,True
1,"[742, 545, 545]",trough,trough_h5_q50,0.5,5.048652182461084,True,0.5348499260198689,0.034849926019868915,True
1,"[742, 545, 545]",trough,trough_h5_q75,0.75,6.811512040192179,True,0.7669203128302683,0.01692031283026829,True
1,"[742, 545, 545]",trough,trough_h5_q95,0.95,14.792617436353575,True,0.9492232086239697,-0.0007767913760302614,True
1,"[742, 545, 545]",trough,trough_h10_q05,0.05,1.011121825973943,True,0.07818907207778482,0.028189072077784816,True
1,"[742, 545, 545]",trough,trough_h10_q25,0.25,1.237764344397524,True,0.2914183047981399,0.041418304798139904,True
1,"[742, 545, 545]",trough,trough_h10_q50,0.5,1.475988980955668,True,0.5391143521454238,0.0391143521454238,True
1,"[742, 545, 545]",trough,trough_h10_q75,0.75,3.479907986565341,True,0.768936271401395,0.018936271401394977,True
1,"[742, 545, 545]",trough,trough_h10_q95,0.95,9.87757607996826,True,0.955876136123441,0.005876136123441067,True
2,"[742, 545, 545]",terminal,terminal_h5_q05,0.05,3.2295614784682187,True,0.0853730712322976,0.035373071232297604,True
2,"[742, 545, 545]",terminal,terminal_h5_q25,0.25,1.3106192294952108,True,0.33748414711477487,0.08748414711477487,False
2,"[742, 545, 545]",terminal,terminal_h5_q50,0.5,1.49325747165676,True,0.5695835975480871,0.06958359754808707,False
2,"[742, 545, 545]",terminal,terminal_h5_q75,0.75,6.427690198745024,True,0.7721861128725427,0.022186112872542685,True
2,"[742, 545, 545]",terminal,terminal_h5_q95,0.95,16.49506625912122,True,0.9384828788839569,-0.011517121116043083,True
2,"[742, 545, 545]",terminal,terminal_h10_q05,0.05,-0.8509362935005621,False,0.10064468399915451,0.050644683999154505,False
2,"[742, 545, 545]",terminal,terminal_h10_q25,0.25,-0.7828166182315773,False,0.3429481082223631,0.0929481082223631,False
2,"[742, 545, 545]",terminal,terminal_h10_q50,0.5,0.08920175326214819,True,0.5741941450010568,0.07419414500105681,False
2,"[742, 545, 545]",terminal,terminal_h10_q75,0.75,5.515378901749299,True,0.7673272035510463,0.017327203551046333,True
2,"[742, 545, 545]",terminal,terminal_h10_q95,0.95,15.718048106580804,True,0.9423139928133587,-0.007686007186641253,True
2,"[742, 545, 545]",peak,peak_h5_q05,0.05,2.212765012990602,True,0.06059765377298668,0.01059765377298668,True
2,"[742, 545, 545]",peak,peak_h5_q25,0.25,9.206251352036379,True,0.25168833227647425,0.001688332276474247,True
2,"[742, 545, 545]",peak,peak_h5_q50,0.5,15.94305179870433,True,0.4746697315578101,-0.025330268442189885,True
2,"[742, 545, 545]",peak,peak_h5_q75,0.75,21.822083092965578,True,0.7114193616571549,-0.038580638342845086,True
2,"[742, 545, 545]",peak,peak_h5_q95,0.95,25.614193913522172,True,0.9225982878883957,-0.02740171211160425,True
2,"[742, 545, 545]",peak,peak_h10_q05,0.05,2.2755296275227934,True,0.05830691185795815,0.008306911857958149,True
2,"[742, 545, 545]",peak,peak_h10_q25,0.25,9.128452360922038,True,0.24479761149862608,-0.005202388501373917,True
2,"[742, 545, 545]",peak,peak_h10_q50,0.5,14.955587402554551,True,0.4635410061297823,-0.036458993870217726,True
2,"[742, 545, 545]",peak,peak_h10_q75,0.75,19.933435628721995,True,0.6935293806806171,-0.05647061931938291,False
2,"[742, 545, 545]",peak,peak_h10_q95,0.95,23.989470224141545,True,0.9240514690340308,-0.025948530965969163,True
2,"[742, 545, 545]",trough,trough_h5_q05,0.05,7.250770082633254,True,0.07129042485732404,0.021290424857324033,True
2,"[742, 545, 545]",trough,trough_h5_q25,0.25,5.805306888132879,True,0.2863744451490171,0.03637444514901711,True
2,"[742, 545, 545]",trough,trough_h5_q50,0.5,5.048652182461084,True,0.5348499260198689,0.034849926019868915,True
2,"[742, 545, 545]",trough,trough_h5_q75,0.75,6.811512040192179,True,0.7669203128302683,0.01692031283026829,True
2,"[742, 545, 545]",trough,trough_h5_q95,0.95,14.792617436353575,True,0.9492232086239697,-0.0007767913760302614,True
2,"[742, 545, 545]",trough,trough_h10_q05,0.05,1.011121825973943,True,0.07818907207778482,0.028189072077784816,True
2,"[742, 545, 545]",trough,trough_h10_q25,0.25,1.237764344397524,True,0.2914183047981399,0.041418304798139904,True
2,"[742, 545, 545]",trough,trough_h10_q50,0.5,1.475988980955668,True,0.5391143521454238,0.0391143521454238,True
2,"[742, 545, 545]",trough,trough_h10_q75,0.75,3.479907986565341,True,0.768936271401395,0.018936271401394977,True
2,"[742, 545, 545]",trough,trough_h10_q95,0.95,9.87757607996826,True,0.955876136123441,0.005876136123441067,True
