,target,stop_k,hold,net,pre2019,from2019,win,target_rate,stop_rate
0,0.02,1.0,1,-0.1398922439275057,-0.09048713815639191,-0.16533787541304745,0.4667716845525254,0.21582269480270858,0.23201295220592258
1,0.02,1.0,2,-0.1577101312010551,-0.0962208587413588,-0.18937959821064326,0.4697253125923009,0.30349075076849025,0.3391421351448919
2,0.02,1.0,3,-0.16547681001117748,-0.09955001982750308,-0.19943177846747898,0.4698675243127345,0.357607780075044,0.404811131895901
3,0.02,1.0,5,-0.17545725971488188,-0.10693399353827476,-0.21074951852298046,0.4677124697800094,0.41307035104416223,0.4744948749083828
4,0.02,1.0,7,-0.1832182616028817,-0.1171524210931378,-0.21724484661176185,0.46520735562775534,0.43671031472547667,0.5060439981184296
5,0.02,1.0,10,-0.18395052007784585,-0.11969292353839212,-0.21704578616764258,0.46390557141763206,0.45270366359270564,0.525144126108978
6,0.02,1.5,1,-0.1727606830336428,-0.1185636526583129,-0.20067434987063762,0.47476835898613984,0.21839344513362433,0.09934035640445013
7,0.02,1.5,2,-0.19559126651847,-0.1313564176290083,-0.22867481664673148,0.49363876035137233,0.3135440254668373,0.1785413453228753
8,0.02,1.5,3,-0.20809574873428688,-0.13600311499410744,-0.24522637647696244,0.5082756281929266,0.37744084539398115,0.24232877161891633
9,0.02,1.5,5,-0.22288811152581367,-0.14657276644482803,-0.2621936067233991,0.5269053635697329,0.452561451872272,0.32593832387078425
10,0.02,1.5,7,-0.2353994113008847,-0.1590082229068213,-0.274743968878058,0.5366742148272128,0.4912430398302211,0.3745747322590879
11,0.02,1.5,10,-0.2413270966063509,-0.1711494158462263,-0.27747204501694545,0.5446708892608272,0.5225514970518417,0.4128625031450669
12,0.02,2.0,1,-0.18598709589734977,-0.1281706026086488,-0.2157649328040516,0.47642020281579206,0.21908262500957193,0.0444466323170665
13,0.02,2.0,2,-0.2124109088983459,-0.1397842609925558,-0.2498165755758461,0.4996663494251365,0.3164101386017306,0.09116865216107119
14,0.02,2.0,3,-0.22795660908393264,-0.14768507519515947,-0.26929970183179075,0.519904171179154,0.3836106461881789,0.13766094537975998
15,0.02,2.0,5,-0.243916932265981,-0.15727264767011714,-0.2885422498671389,0.5512673252163259,0.468007832583987,0.2123111592443088
16,0.02,2.0,7,-0.2638897048225046,-0.1763638019607568,-0.30896909155588004,0.5709253607254986,0.5159003642807916,0.26557491822826074
17,0.02,2.0,10,-0.2754960470146926,-0.1941396469991171,-0.3173992787522251,0.5896316716440769,0.559832846531675,0.3174384387340969
18,0.02,3.0,1,-0.19441559263354613,-0.12930871736923988,-0.22794827168145343,0.47705468587618827,0.2194326846291009,0.011836390885322656
19,0.02,3.0,2,-0.22288941617739055,-0.14482815261107365,-0.2630941301437274,0.5019636156782952,0.3176681653594128,0.026079441654906853
20,0.02,3.0,3,-0.23995719103819713,-0.15239695991235072,-0.28505425821864694,0.5254066708236247,0.3866955465852778,0.04440287486462538
21,0.02,3.0,5,-0.2560473365150889,-0.16186401352994503,-0.30455636835489147,0.564766499294411,0.4769999890606369,0.08405806613938936
22,0.02,3.0,7,-0.27914266981298613,-0.18152371521556768,-0.32942288715427587,0.5939855381619682,0.5323094089462111,0.12200671676894971
23,0.02,3.0,10,-0.3014044129510549,-0.20435743559665714,-0.35139748163344636,0.6257972060866617,0.5886361896010415,0.1716495465633991
24,0.02,,1,-0.20109753973723649,-0.133136761487965,-0.23610009446939687,0.4772187763228425,0.2195420782602037,0.0
25,0.02,,2,-0.2318620382221347,-0.14903306731883126,-0.2745223146659595,0.502499644470699,0.31796352816339035,0.0
26,0.02,,3,-0.2528150263091683,-0.16005775518084694,-0.30058877968742226,0.526478728408432,0.38737378709811515,0.0
27,0.02,,5,-0.2760503692115828,-0.17409459711674602,-0.32856346399270736,0.5677967028759585,0.47907846805159005,0.0
28,0.02,,7,-0.30145592035446633,-0.1910222454627365,-0.3583412803129506,0.6001772176823865,0.5367398510058744,0.0
29,0.02,,10,-0.3403980696417237,-0.21331199639593254,-0.40588619374523255,0.6381258683119468,0.5982081323225362,0.0
30,0.03,1.0,1,-0.08142703329006903,-0.060319960913503515,-0.0922980308732129,0.4591360091015501,0.11371467953135768,0.23201295220592258
31,0.03,1.0,2,-0.09584005185691889,-0.06229406050171691,-0.11311759676890089,0.447868465097962,0.18076203603426208,0.344622756063142
32,0.03,1.0,3,-0.10311431201320302,-0.06374029626107329,-0.1233935256551339,0.43575859013488233,0.2290374454399265,0.41823373043221423
33,0.03,1.0,5,-0.11947512198165093,-0.07013837359812511,-0.14488554664257952,0.4160458578101583,0.2902103639526107,0.5053766969687025
34,0.03,1.0,7,-0.1313364700123293,-0.08410740269048661,-0.1556613535181977,0.4010261122597442,0.32534759826282916,0.5522190498069203
35,0.03,1.0,10,-0.13312827554060142,-0.08845966560131142,-0.15613441973857908,0.39108223119249996,0.3530460656580574,0.5874219202958004
36,0.03,1.5,1,-0.11654059945690869,-0.08939801357992445,-0.13052013106625557,0.4664763217485478,0.1148414339317165,0.09934035640445013
37,0.03,1.5,2,-0.1351652324656093,-0.0983119607875957,-0.15414616076277274,0.47072079463533634,0.18623171758940193,0.18098082329646767
38,0.03,1.5,3,-0.14799584381230815,-0.10078089347628143,-0.17231345649842716,0.4727336374476278,0.24027217135418377,0.24907835865795894
39,0.03,1.5,5,-0.1707617718801102,-0.11045838881717303,-0.20182045779528396,0.47308369706715675,0.31535995974314374,0.34545414765952326
40,0.03,1.5,7,-0.18695475543790316,-0.12443105632891249,-0.21915699408932765,0.4701957052060429,0.363941671315896,0.40681303534508223
41,0.03,1.5,10,-0.19545547315432166,-0.1393979134340212,-0.22432882360130116,0.46940807106210275,0.4080382440134335,0.46277881701727325
42,0.03,2.0,1,-0.1304414678138168,-0.0996873808297841,-0.14628106883998318,0.467931257042215,0.11516961482502489,0.0444466323170665
43,0.03,2.0,2,-0.15310609093666597,-0.1071268465820925,-0.17678726496856553,0.47638738472646125,0.18785074332972335,0.0925032544605253
44,0.03,2.0,3,-0.16994724992767996,-0.11403027420365776,-0.19874675831556324,0.48382615164145143,0.243761828186363,0.14135845011103454
45,0.03,2.0,5,-0.19420937443174605,-0.12398863465006088,-0.23037590093216287,0.4965814490280376,0.3254351131677114,0.22410379267719033
46,0.03,2.0,7,-0.218210290086353,-0.14520897463837576,-0.25580892573050734,0.5035498233292858,0.38111647139903515,0.28644722304267445
47,0.03,2.0,10,-0.23326513824128134,-0.16673831334045974,-0.2675325564942182,0.5131983415925525,0.4364915274632711,0.35338518591447604
48,0.03,3.0,1,-0.1393168976995652,-0.10112569831916911,-0.15898691297949608,0.4684672858346187,0.11530088718234824,0.011836390885322656
49,0.03,3.0,2,-0.16352990433384154,-0.11174619499189288,-0.19020061304508665,0.4785096211698555,0.18859462002122238,0.026374804458884404
50,0.03,3.0,3,-0.18161107118017875,-0.11811373013445865,-0.21431477488332604,0.48912080338682684,0.2457090348199928,0.045420235633881395
51,0.03,3.0,5,-0.20584119088972835,-0.12782134403917822,-0.24602523956262176,0.509621169855491,0.33160491396190916,0.08831347838928817
52,0.03,3.0,7,-0.23480117290066838,-0.14776253733397918,-0.27963256929850094,0.5255926399964994,0.3927778324745933,0.13041908700075483
53,0.03,3.0,10,-0.26229379649435375,-0.17346187234298757,-0.308058731423529,0.5485981206174176,0.4585343441304847,0.18861649874744293
54,0.03,,1,-0.1460647763447212,-0.1049574333891106,-0.16723672373502166,0.4686094975550523,0.11535558399789964,0.0
55,0.03,,2,-0.17312495596906355,-0.1163128941948771,-0.20238546994381565,0.47901283187292837,0.18876964983098685,0.0
56,0.03,,3,-0.1962171923030642,-0.12592388338267477,-0.23242109485058926,0.49012722479297255,0.2461247306181834,0.0
57,0.03,,5,-0.22615572852282556,-0.13846783048011335,-0.27132004640755786,0.5124872829903843,0.33312548543423803,0.0
58,0.03,,7,-0.2578390529954926,-0.15458570601106972,-0.31102664434425153,0.5316749258858149,0.3961909137650006,0.0
59,0.03,,10,-0.30677455896515504,-0.18390787746170686,-0.37009470812603656,0.5605657838600636,0.46571056633082825,0.0
60,0.04,1.0,1,-0.05207501333667068,-0.04732315308752847,-0.05452241392175683,0.45693719711638386,0.06458599980309146,0.23201295220592258
61,0.04,1.0,2,-0.06475275485092412,-0.04255726577073595,-0.07618433114168979,0.440320304551869,0.11023596206228874,0.34654808397055126
62,0.04,1.0,3,-0.0753436140123205,-0.04151118773813376,-0.09276868451460973,0.4224563245927822,0.14786737116165097,0.4234955640882588
63,0.04,1.0,5,-0.09650918857670633,-0.05048761701729164,-0.12021216283429904,0.39202301641998405,0.20348309321431307,0.5195869296489558
64,0.04,1.0,7,-0.11041227017262595,-0.06614783342754003,-0.133210248797521,0.3681314473871331,0.2397689606511109,0.5750713793442945
65,0.04,1.0,10,-0.11337687374140468,-0.0740257788499032,-0.1336442822113037,0.3489875619441436,0.27409668209116866,0.6214214608425498
66,0.04,1.5,1,-0.0883318074907769,-0.07672892167620451,-0.09430776386205243,0.4640477831380657,0.06513296795860544,0.09934035640445013
67,0.04,1.5,2,-0.10484641065819959,-0.07860738711904994,-0.11836057104904789,0.46282257446971437,0.1135943465371446,0.1819872447026134
68,0.04,1.5,3,-0.12112196253945635,-0.07842924255240245,-0.143110443344231,0.45910319101221925,0.15477010928423748,0.2519991686084036
69,0.04,1.5,5,-0.14935298680365194,-0.08903238162886044,-0.18042054280431186,0.4485138875214685,0.220296894314813,0.35410718387975454
70,0.04,1.5,7,-0.16747926395806317,-0.10475693326266038,-0.19978380592551825,0.43671031472547667,0.2665266428188551,0.42254383949766444
71,0.04,1.5,10,-0.17753385509757388,-0.12364092121853248,-0.20529274017249297,0.42629604104449037,0.3157100193626727,0.4889238948508418
72,0.04,2.0,1,-0.10236582321184548,-0.08703242201912631,-0.11026314617229992,0.4654589609792918,0.06528611904214937,0.0444466323170665
73,0.04,2.0,2,-0.12366766075762245,-0.08776409021605173,-0.14215945448534925,0.46832507411418506,0.11444761685974643,0.09296270771115706
74,0.04,2.0,3,-0.14440275976917558,-0.09167450963913602,-0.17155994526134638,0.4699222211282859,0.15694704254318315,0.14291183967269425
75,0.04,2.0,5,-0.1732317367407087,-0.10250113851836525,-0.20966086099875186,0.47169439795215123,0.22696990581208362,0.229135899707919
76,0.04,2.0,7,-0.20085689744008423,-0.12601069677341448,-0.2394057237310405,0.4695065253300953,0.27857088160327304,0.29675210309255795
77,0.04,2.0,10,-0.21654474389506767,-0.14754195189431193,-0.2520881014985068,0.4693971316989925,0.33724962532681346,0.3721024361961647
78,0.04,3.0,1,-0.11138791385700447,-0.08870204662654455,-0.12307205476645926,0.4659402929561441,0.06536269458392133,0.011836390885322656
79,0.04,3.0,2,-0.13475720325848503,-0.09273130003216447,-0.15640224641046702,0.4703707350158074,0.11485237329482678,0.026571712994869438
80,0.04,3.0,3,-0.15674619050524594,-0.09647663483932904,-0.18778745394018692,0.4751621760581099,0.15817225121153447,0.04596720378939538
81,0.04,3.0,5,-0.18630374340983052,-0.10716611843684966,-0.22706350265241124,0.48447157406495794,0.2309299552580049,0.09026068502291797
82,0.04,3.0,7,-0.22002749449295694,-0.1308763431907135,-0.2659469942338702,0.4911883430146697,0.2868082220253137,0.13492610460219007
83,0.04,3.0,10,-0.2505108492480315,-0.15868218967244394,-0.2978227967407524,0.5041514883003512,0.3536367912660125,0.1979477754805115
84,0.04,,1,-0.11823149005064923,-0.09250160252284721,-0.1314834247642408,0.46607156531346744,0.0653736339470316,0.0
85,0.04,,2,-0.14443605504687515,-0.09689921804608055,-0.16891945240896958,0.47086300635576994,0.11498364565215013,0.0
86,0.04,,3,-0.1724413715773467,-0.10408838975415108,-0.20764592704310778,0.47611390064870424,0.15844573528929146,0.0
87,0.04,,5,-0.21052966491997674,-0.11874077101300032,-0.25780623187204765,0.4871954754794176,0.23192543730104034,0.0
88,0.04,,7,-0.24893030753913975,-0.14063847663791984,-0.3047142340908713,0.4970627810048899,0.2892039425464649,0.0
89,0.04,,10,-0.30280853443652783,-0.1724446518213411,-0.36999798656605015,0.5155393652981524,0.3591064728211524,0.0
90,0.05,1.0,1,-0.03582209744943363,-0.04261067078607397,-0.03232570709178517,0.4562808353297671,0.038944132672595805,0.23201295220592258
91,0.05,1.0,2,-0.04589913664726657,-0.03277742446198808,-0.05265735014594422,0.4375198275956374,0.06982595473291545,0.34739041493004275
92,0.05,1.0,3,-0.05558144702104816,-0.02519177705414072,-0.07123335851634317,0.4169428855852012,0.09901217551114175,0.4258037697045278
93,0.05,1.0,5,-0.07718446358655963,-0.03163970760431947,-0.10064185850019627,0.38116022885147627,0.14431207815081007,0.5259426996160284
94,0.05,1.0,7,-0.09273147774143996,-0.04748365329902739,-0.11603671338198708,0.35167864526927245,0.1777755899051557,0.5861420148118976
95,0.05,1.0,10,-0.09596230851527252,-0.05630311213718974,-0.11638907882513079,0.32609147495432816,0.2137004583593143,0.6392526227123057
96,0.05,1.5,1,-0.07267947685946627,-0.07214269114460456,-0.07295594325446503,0.4632820277203461,0.03919573802413223,0.09934035640445013
97,0.05,1.5,2,-0.0866954424993066,-0.06939977312689401,-0.09560341308811765,0.45985800706682856,0.07182785818209664,0.18239200113769377
98,0.05,1.5,3,-0.10222533944439119,-0.06238005958758498,-0.1227472731969826,0.45341472219487383,0.10342073884458447,0.25336658899718856
99,0.05,1.5,5,-0.12993897056370052,-0.06962917007163093,-0.16100096171492706,0.4373557371489832,0.15603907540502993,0.35796877905768326
100,0.05,1.5,7,-0.1491634511449988,-0.08433290173563578,-0.18255491801241183,0.41999496789296925,0.19713826261035083,0.4301685755855294
101,0.05,1.5,10,-0.15970307131171768,-0.10124536433539318,-0.18981515177047315,0.403049894435146,0.24503079430715544,0.5026199774649119
102,0.05,2.0,1,-0.08688722826364335,-0.08244619148752637,-0.08917454216480868,0.4646713268353517,0.039283252929014474,0.0444466323170665
103,0.05,2.0,2,-0.10556541738101205,-0.07841441308249325,-0.11954928481858382,0.46532768862196844,0.07240764442694146,0.09311585879470097
104,0.05,2.0,3,-0.1252322733767058,-0.0754448982300787,-0.15087478908110916,0.4641462374060582,0.10493037095380307,0.14357914082242132
105,0.05,2.0,5,-0.15319498299299397,-0.08236388710784476,-0.18967586761978844,0.4604924901272248,0.16075394090556047,0.2314003478717469
106,0.05,2.0,7,-0.18236459586893544,-0.10502553144281027,-0.2221986683990799,0.45258333059849254,0.20591163182479516,0.30160918031352213
107,0.05,2.0,10,-0.19753316184732578,-0.12434476440553416,-0.23523565068116112,0.4461291063634275,0.2615054751512367,0.38198068108474725
108,0.05,3.0,1,-0.09613687516447715,-0.08411581609494459,-0.10232820770744071,0.4651307800859834,0.03931607101834531,0.011836390885322656
109,0.05,3.0,2,-0.11735399863597837,-0.08361334888324905,-0.13473180051071224,0.4673295920711496,0.07257173487359565,0.026648288536641397
110,0.05,3.0,3,-0.1386454985618357,-0.0802525150537859,-0.16872025129226903,0.4692330412523383,0.10564142955597125,0.046229748504042094
111,0.05,3.0,5,-0.1671127783132998,-0.0863858778551434,-0.20869109239838446,0.47307275770404644,0.16335750932580706,0.09110301598240951
112,0.05,3.0,7,-0.20272033730768954,-0.10879543239260266,-0.2511002803741269,0.47399166420530997,0.2116001006421406,0.13691706868826098
113,0.05,3.0,10,-0.23229658371997616,-0.1349927740295661,-0.2824335933855295,0.4803802522617133,0.2737685011978603,0.20267358034415237
114,0.05,,1,-0.10296951199501164,-0.08788319281760844,-0.11073957770522233,0.46526205244330676,0.03932701038145559,0.0
115,0.05,,2,-0.12714377823723097,-0.08837935062427596,-0.14710902928551295,0.46779998468489165,0.07267018914158818,0.0
116,0.05,,3,-0.15471872162602684,-0.08865786780795466,-0.18874273828662338,0.4701519477536018,0.10584927745506656,0.0
117,0.05,,5,-0.19235997746441882,-0.09925082700476245,-0.24031655258142026,0.475752901666065,0.16403574983864438,0.0
118,0.05,,7,-0.234280014441855,-0.11987896769210955,-0.2932129100704516,0.4797676479275377,0.2132738231980134,0.0
119,0.05,,10,-0.28730268371166495,-0.14991208971553593,-0.3581195704096863,0.4917134324439631,0.2779254591797666,0.0
120,0.07,1.0,1,-0.019817020491014168,-0.03761301986574961,-0.010651359676434746,0.45593077571023816,0.016321529760537343,0.23201295220592258
121,0.07,1.0,2,-0.026387568176983855,-0.02471244361175732,-0.027250325208141874,0.4354632273309048,0.03168039556737007,0.34792644372244647
122,0.07,1.0,3,-0.032760510343424726,-0.012121571889103466,-0.04339039998670312,0.4133875925743603,0.04696268583243084,0.4273571592661875
123,0.07,1.0,5,-0.05487082050102657,-0.016102303682757113,-0.07483817765574989,0.373054160786759,0.07495651603163664,0.5305153533961253
124,0.07,1.0,7,-0.0746974577814291,-0.0342714613530519,-0.0955222806605898,0.3384201371796134,0.09905593296358287,0.5948606872107906
125,0.07,1.0,10,-0.08135584615704465,-0.04227401655557618,-0.10149091258323972,0.30450811153774626,0.12986117948213055,0.655300668395086
126,0.07,1.5,1,-0.05759039324991401,-0.06773681844541547,-0.05236457311673863,0.4628116351066041,0.01635434784986818,0.09934035640445013
127,0.07,1.5,2,-0.06851323981003656,-0.06112045243545206,-0.07232082488142871,0.45761543762922124,0.03247896907442049,0.18273112139411243
128,0.07,1.5,3,-0.08067137352485648,-0.04865017897229838,-0.09716358629505215,0.44967346001115815,0.048920831829170904,0.25435113167711376
129,0.07,1.5,5,-0.11004161203279027,-0.051566685100928725,-0.14015856894703074,0.428899609464737,0.08063404548587182,0.3610208613654513
130,0.07,1.5,7,-0.1362051098237437,-0.06768651493640608,-0.17150139757229163,0.4060800980166935,0.10898887466771684,0.4365899817312636
131,0.07,1.5,10,-0.14948738172226408,-0.08227160338786511,-0.18412115545375224,0.38055856388041087,0.14782361370920985,0.5152002450417337
132,0.07,2.0,1,-0.07199293861118695,-0.0780403187883373,-0.06887829276560091,0.46417905549538907,0.01635434784986818,0.0444466323170665
133,0.07,2.0,2,-0.08719010899469835,-0.07001002299336766,-0.09603854946368676,0.4630632404581405,0.03269775633662608,0.09327994924135517
134,0.07,2.0,3,-0.10317672328883769,-0.06114521622937506,-0.12482465264196863,0.4603940358592323,0.049697526610000764,0.14410423025171473
135,0.07,2.0,5,-0.13289550812571785,-0.06284717827288759,-0.1689732365263104,0.4519707262643169,0.08309540218568474,0.2332928576898253
136,0.07,2.0,7,-0.1689751005485302,-0.08647725374929745,-0.21147258234962685,0.4384934309124523,0.11393346679356328,0.3058974106527518
137,0.07,2.0,10,-0.18837043169196904,-0.1054290520148919,-0.23111127100620255,0.4233642917309354,0.15700173935873454,0.39094001947206636
138,0.07,3.0,1,-0.08133333956231993,-0.07970994339575552,-0.0821694543720081,0.46462756938291055,0.01637622657608874,0.011836390885322656
139,0.07,3.0,2,-0.09936270188904096,-0.07518199019022025,-0.11181674827438581,0.46503232581799087,0.03275245315217748,0.026713924715303074
140,0.07,3.0,3,-0.11739565768304025,-0.06579064158711298,-0.14397433213150532,0.4654261428899609,0.049992889413978316,0.04643759640313741
141,0.07,3.0,5,-0.14735850260941422,-0.06687637218387167,-0.18881074811962636,0.4644744182993666,0.08453939811624167,0.09201098312056272
142,0.07,3.0,7,-0.1898557853014779,-0.08882985598470566,-0.24190117138695283,0.45991270388238,0.11706212464310328,0.1389627295898833
143,0.07,3.0,10,-0.22426658272709502,-0.11497834181282471,-0.28059833549955915,0.457527922724339,0.16404668920175466,0.20724623412424928
144,0.07,,1,-0.08819349107894939,-0.08355825717595575,-0.09058082436978968,0.4647588417402339,0.01637622657608874,0.0
145,0.07,,2,-0.10977657991751717,-0.08026119191659158,-0.12497820077232875,0.46548083970551235,0.0327962106046186,0.0
146,0.07,,3,-0.13415675888549766,-0.07488139400180202,-0.16468597378059893,0.4663122313018936,0.05006946495575028,0.0
147,0.07,,5,-0.17358033059478611,-0.08086439696228596,-0.22133437639844195,0.4671436228982749,0.08487851837266035,0.0
148,0.07,,7,-0.22352488511029409,-0.1023834052001544,-0.2859393792691822,0.4656121120628357,0.11799197050747705,0.0
149,0.07,,10,-0.2816134117904647,-0.12906083472776414,-0.36027282018948376,0.468675133733714,0.16647522781223678,0.0
150,,1.0,1,-0.009990327351088785,-0.035585902476124184,0.0031924310324171934,0.4558323214422456,0.0,0.23201295220592258
151,,1.0,2,-0.013441777955331406,-0.018339731551003043,-0.010919133376729673,0.4347412293656263,0.0,0.34815617034776236
152,,1.0,3,-0.01375396045938086,0.000827159788972042,-0.021263828249257967,0.4118560817389212,0.0,0.42799164232658377
153,,1.0,5,-0.03234337534191355,-0.0003922336257734159,-0.04879950806264496,0.3694441709603667,0.0,0.5325938323870785
154,,1.0,7,-0.05904771543891411,-0.014039997296190732,-0.08223543156489882,0.33171430759301196,0.0,0.5990067058295866
155,,1.0,10,-0.08098725807564805,-0.010524613878008945,-0.11730184779812361,0.29189502587159377,0.0,0.6646538238543752
156,,1.5,1,-0.0477965105417653,-0.06570970105579005,-0.03857049154158575,0.46271318083861157,0.0,0.09934035640445013
157,,1.5,2,-0.055159995296491515,-0.055117231300170814,-0.055182020487496396,0.4568715609377222,0.0,0.18282957566210495
158,,1.5,3,-0.06083171784246928,-0.03610240324692151,-0.07356831695033415,0.4481528885388293,0.0,0.25464649448109133
159,,1.5,5,-0.08541933278886572,-0.03278725047629128,-0.11252698795809128,0.42538807390633715,0.0,0.3622241913075821
160,,1.5,7,-0.12227597455566101,-0.04640463235855459,-0.16136445132280372,0.3991554811678864,0.0,0.4395107916817083
161,,1.5,10,-0.15736559563045177,-0.04783704023701461,-0.21382496243877303,0.3675516611422883,0.0,0.5220154682594379
162,,2.0,1,-0.06219905590303823,-0.07601320139871187,-0.05508421119044804,0.4640806012273965,0.0,0.0444466323170665
163,,2.0,2,-0.07357889693509312,-0.06404235019120522,-0.07849060495194944,0.4623193637666415,0.0,0.09331276733068601
164,,2.0,3,-0.0830225627953564,-0.04943631961283016,-0.10032083902951099,0.45885158566068285,0.0,0.1442355026090381
165,,2.0,5,-0.10769938708529575,-0.0440685950548907,-0.14047182345330989,0.4484482513428068,0.0,0.23397109820266265
166,,2.0,7,-0.15466016030152555,-0.06321720605601187,-0.20177104155177142,0.4315578747005349,0.0,0.30787743537571244
167,,2.0,10,-0.19960557202492224,-0.06899854772881056,-0.26693820672400426,0.41013860173060723,0.0,0.3959174296872436
168,,3.0,1,-0.07150486221227126,-0.07768282600613008,-0.06832296051251892,0.464529115114918,0.0,0.011836390885322656
169,,3.0,2,-0.08594209152498673,-0.0694223364381286,-0.09445043481482884,0.46427750976338156,0.0,0.026724864078413353
170,,3.0,3,-0.09710646085159383,-0.05387754144552463,-0.11937110608524822,0.46387275332830125,0.0,0.04649229321868881
171,,3.0,5,-0.12285914226480231,-0.048254117067383084,-0.16128439025994618,0.46090818592541544,0.0,0.09229540656143
172,,3.0,7,-0.17649983220743637,-0.06581609120916711,-0.23352818276057855,0.45285681467624955,0.0,0.139695666918272
173,,3.0,10,-0.24079265257438853,-0.07999839374354781,-0.32370990507471553,0.4439631124675921,0.0,0.20970759082406223
174,,,1,-0.0783650137289007,-0.0815311397863303,-0.07673433051030049,0.46466038747224137,0.0,0.0
175,,,2,-0.09647320949974292,-0.07465455335306989,-0.10771070155957373,0.46472602365090304,0.0,0.0
176,,,3,-0.11404544102042377,-0.0631513450894581,-0.1402579627757429,0.4647479023771236,0.0,0.0
177,,,5,-0.14964497270569188,-0.062445581799459374,-0.19455768127952264,0.4635445724349928,0.0,0.0
178,,,7,-0.21198983520091044,-0.07991143969622859,-0.28004827220269285,0.4584905866780436,0.0,0.0
179,,,10,-0.30325454087499315,-0.0962039097695971,-0.4100674928202659,0.45498999048275407,0.0,0.0
