field,arm,cell,n,base_rate,mean_p,bias,mkt_fav,brier
p_touch_2,RAW,W1 transition,2472,0.591785597559647,0.7014283428305899,0.10964274527094287,-0.0021846156081962555,0.2536430650585955
p_touch_2,RAW,W1 transition long,1321,0.4668263350998777,0.7702430613604342,0.3034167262605565,-0.029535978048368525,0.3299372032444322
p_touch_2,RAW,W1 transition short,1151,0.6851280880057858,0.6500248927742667,-0.03510319523151917,0.01824639716352696,0.19665261293424327
p_touch_2,RAW,W1 rest,16692,0.69533502713592,0.6854553773544579,-0.009879649781462052,0.0015881612505932543,0.19715474852329484
p_touch_2,BASE,W1 transition,2472,0.591785597559647,0.712546537478218,0.12076093991857095,-0.0021846156081962555,0.25204622408636235
p_touch_2,BASE,W1 transition long,1321,0.4668263350998777,0.7627335150210129,0.29590717992113524,-0.029535978048368525,0.3255887123653759
p_touch_2,BASE,W1 transition short,1151,0.6851280880057858,0.6750577000795728,-0.010070387926213065,0.01824639716352696,0.19711120867060505
p_touch_2,BASE,W1 rest,16692,0.69533502713592,0.7024227165907687,0.007087689454848722,0.0015881612505932543,0.19570347066825264
p_touch_2,STATE,W1 transition,2472,0.591785597559647,0.7057808493494805,0.1139952517898335,-0.0021846156081962555,0.25915171400566434
p_touch_2,STATE,W1 transition long,1321,0.4668263350998777,0.7854706816446538,0.31864434654477614,-0.029535978048368525,0.3364991305708672
p_touch_2,STATE,W1 transition short,1151,0.6851280880057858,0.6462538702104877,-0.038874217795298094,0.01824639716352696,0.2013744804524863
p_touch_2,STATE,W1 rest,16692,0.69533502713592,0.7292696503280569,0.033934623192136915,0.0015881612505932543,0.2160402779671353
p_touch_2,ORACLE,W1 transition,2472,0.591785597559647,0.6991491198979861,0.10736352233833912,-0.0021846156081962555,0.22114744144880294
p_touch_2,ORACLE,W1 transition long,1321,0.4668263350998777,0.63539045400556,0.16856411890568235,-0.029535978048368525,0.2505309558429651
p_touch_2,ORACLE,W1 transition short,1151,0.6851280880057858,0.746775782738113,0.06164769473232712,0.01824639716352696,0.19919844497089806
p_touch_2,ORACLE,W1 rest,16692,0.69533502713592,0.6964040933970655,0.001069066261145557,0.0015881612505932543,0.18170976281711793
p_touch_2,PATH,W1 transition,2472,0.591785597559647,0.7049719887535362,0.11318639119388918,-0.0021846156081962555,0.22369801563183622
p_touch_2,PATH,W1 transition long,1321,0.4668263350998777,0.6642695778873194,0.19744324278744174,-0.029535978048368525,0.2597802724732926
p_touch_2,PATH,W1 transition short,1151,0.6851280880057858,0.7353760126140151,0.050247924608229244,0.01824639716352696,0.1967451699747718
p_touch_2,PATH,W1 rest,16692,0.69533502713592,0.6964545706041108,0.0011195434681907646,0.0015881612505932543,0.18329633137367116
p_touch_2,ORACLE_W1,W1 transition,2472,0.591785597559647,0.6944460594970291,0.1026604619373821,-0.0021846156081962555,0.21741050907646933
p_touch_2,ORACLE_W1,W1 transition long,1321,0.4668263350998777,0.5950895682161537,0.12826323311627597,-0.029535978048368525,0.23615668579964857
p_touch_2,ORACLE_W1,W1 transition short,1151,0.6851280880057858,0.7686637057570078,0.08353561775122198,0.01824639716352696,0.20340742689399935
p_touch_2,ORACLE_W1,W1 rest,16692,0.69533502713592,0.6953437094251932,8.682289273198585e-06,0.0015881612505932543,0.18110798789279095
p_touch_3,RAW,W1 transition,2472,0.4554308748229654,0.562733825849257,0.10730295102629162,-0.0021846156081962555,0.2599541469081627
p_touch_3,RAW,W1 transition long,1321,0.32684467998369343,0.6476862166023911,0.3208415366186977,-0.029535978048368525,0.30676560982575696
p_touch_3,RAW,W1 transition short,1151,0.5514826234250695,0.4992758030812048,-0.0522068203438647,0.01824639716352696,0.22498676278518046
p_touch_3,RAW,W1 rest,16692,0.5606987687358118,0.5515409376386803,-0.00915783109713153,0.0015881612505932543,0.2210442909490132
p_touch_3,BASE,W1 transition,2472,0.4554308748229654,0.5863247520889061,0.1308938772659407,-0.0021846156081962555,0.2603953467220444
p_touch_3,BASE,W1 transition long,1321,0.32684467998369343,0.6529311336311827,0.3260864536474893,-0.029535978048368525,0.31028528093673
p_touch_3,BASE,W1 transition short,1151,0.5514826234250695,0.5365708930281305,-0.014911730396938938,0.01824639716352696,0.22312839574838558
p_touch_3,BASE,W1 rest,16692,0.5606987687358118,0.5781693697939388,0.017470601058127033,0.0015881612505932543,0.22010203029335398
p_touch_3,STATE,W1 transition,2472,0.4554308748229654,0.577847196528548,0.12241632170558259,-0.0021846156081962555,0.26392542712034806
p_touch_3,STATE,W1 transition long,1321,0.32684467998369343,0.6713163923883502,0.34447171240465674,-0.029535978048368525,0.3188618238252472
p_touch_3,STATE,W1 transition short,1151,0.5514826234250695,0.5080272620170047,-0.04345536140806483,0.01824639716352696,0.2228888526109294
p_touch_3,STATE,W1 rest,16692,0.5606987687358118,0.6296160764125439,0.0689173076767321,0.0015881612505932543,0.24391035948308762
p_touch_3,ORACLE,W1 transition,2472,0.4554308748229654,0.5719142939888544,0.116483419165889,-0.0021846156081962555,0.21949725666429543
p_touch_3,ORACLE,W1 transition long,1321,0.32684467998369343,0.511901426149831,0.1850567461661376,-0.029535978048368525,0.21636819700822071
p_touch_3,ORACLE,W1 transition short,1151,0.5514826234250695,0.6167429079918614,0.06526028456679189,0.01824639716352696,0.22183461217762993
p_touch_3,ORACLE,W1 rest,16692,0.5606987687358118,0.5747489894870285,0.014050220751216647,0.0015881612505932543,0.2025655282824179
p_touch_3,PATH,W1 transition,2472,0.4554308748229654,0.5936053774431873,0.1381745026202219,-0.0021846156081962555,0.2277028273548274
p_touch_3,PATH,W1 transition long,1321,0.32684467998369343,0.5639818127935484,0.237137132809855,-0.029535978048368525,0.2399281099914004
p_touch_3,PATH,W1 transition short,1151,0.5514826234250695,0.6157336874688626,0.0642510640437931,0.01824639716352696,0.21857074458446812
p_touch_3,PATH,W1 rest,16692,0.5606987687358118,0.5838250123118773,0.02312624357606552,0.0015881612505932543,0.2051694995890806
p_touch_3,ORACLE_W1,W1 transition,2472,0.4554308748229654,0.553496451044998,0.0980655762220326,-0.0021846156081962555,0.2112919082328476
p_touch_3,ORACLE_W1,W1 transition long,1321,0.32684467998369343,0.4528237553541896,0.12597907537049619,-0.029535978048368525,0.1938489561449298
p_touch_3,ORACLE_W1,W1 transition short,1151,0.5514826234250695,0.6286972801050423,0.07721465667997285,0.01824639716352696,0.22432150329102205
p_touch_3,ORACLE_W1,W1 rest,16692,0.5606987687358118,0.5606766928559211,-2.2075879890670613e-05,0.0015881612505932543,0.20139324139004275
p_touch_5,RAW,W1 transition,2472,0.27098812506809017,0.32955898736819234,0.05857086230010217,-0.0021846156081962555,0.1929103720127849
p_touch_5,RAW,W1 transition long,1321,0.14757439869547492,0.39019796924741146,0.24262357055193653,-0.029535978048368525,0.17596428424354996
p_touch_5,RAW,W1 transition short,1151,0.3631761257660538,0.28426267659213533,-0.07891344917391846,0.01824639716352696,0.20556881768989912
p_touch_5,RAW,W1 rest,16692,0.32917299337011585,0.33266830704177636,0.003495313671660505,0.0015881612505932543,0.18716629485009934
p_touch_5,BASE,W1 transition,2472,0.27098812506809017,0.36520808308079217,0.094219958012702,-0.0021846156081962555,0.19691165592071763
p_touch_5,BASE,W1 transition long,1321,0.14757439869547492,0.4210930209475911,0.2735186222521162,-0.029535978048368525,0.1905093789124434
p_touch_5,BASE,W1 transition short,1151,0.3631761257660538,0.32346296410176373,-0.039713161664290064,0.01824639716352696,0.2016940503484278
p_touch_5,BASE,W1 rest,16692,0.32917299337011585,0.366353032881462,0.03718003951134613,0.0015881612505932543,0.18865678433576868
p_touch_5,STATE,W1 transition,2472,0.27098812506809017,0.3561989184145744,0.08521079334648424,-0.0021846156081962555,0.20561951299896714
p_touch_5,STATE,W1 transition long,1321,0.14757439869547492,0.4488220408017579,0.30124764210628296,-0.029535978048368525,0.20737110602533226
p_touch_5,STATE,W1 transition short,1151,0.3631761257660538,0.28701098671322745,-0.07616513905282635,0.01824639716352696,0.20431110214481654
p_touch_5,STATE,W1 rest,16692,0.32917299337011585,0.4453067361598497,0.11613374278973387,0.0015881612505932543,0.2177053034783539
p_touch_5,ORACLE,W1 transition,2472,0.27098812506809017,0.3508138063911758,0.07982568132308565,-0.0021846156081962555,0.16352198519363983
p_touch_5,ORACLE,W1 transition long,1321,0.14757439869547492,0.2898086091148398,0.14223421041936488,-0.029535978048368525,0.12304765928344258
p_touch_5,ORACLE,W1 transition short,1151,0.3631761257660538,0.3963836739771383,0.033207548211084514,0.01824639716352696,0.19375563338600832
p_touch_5,ORACLE,W1 rest,16692,0.32917299337011585,0.37038862865575917,0.041215635285643315,0.0015881612505932543,0.17210580592788516
p_touch_5,PATH,W1 transition,2472,0.27098812506809017,0.37387003299665134,0.10288190792856117,-0.0021846156081962555,0.17195634281636424
p_touch_5,PATH,W1 transition long,1321,0.14757439869547492,0.3464319838454841,0.1988575851500092,-0.029535978048368525,0.1456351735688643
p_touch_5,PATH,W1 transition short,1151,0.3631761257660538,0.39436579929951415,0.03118967353346036,0.01824639716352696,0.1916178184097158
p_touch_5,PATH,W1 rest,16692,0.32917299337011585,0.3825488025944787,0.05337580922436286,0.0015881612505932543,0.17677677681537682
p_touch_5,ORACLE_W1,W1 transition,2472,0.27098812506809017,0.30480503215453,0.03381690708643981,-0.0021846156081962555,0.156319409654255
p_touch_5,ORACLE_W1,W1 transition long,1321,0.14757439869547492,0.22347184814927792,0.075897449453803,-0.029535978048368525,0.10737428122114712
p_touch_5,ORACLE_W1,W1 transition short,1151,0.3631761257660538,0.36555956768492726,0.0023834419188734635,0.01824639716352696,0.19288060642526905
p_touch_5,ORACLE_W1,W1 rest,16692,0.32917299337011585,0.3291166720643094,-5.632130580646155e-05,0.0015881612505932543,0.16944484372408739
p_touch_10,RAW,W1 transition,2472,0.1705196644514653,0.15152897522039052,-0.018990689231074775,0.00673825966324676,0.13418101045170788
p_touch_10,RAW,W1 transition long,1321,0.05182429677945373,0.17403888053265804,0.1222145837532043,-0.03827246645879532,0.07073289677843729
p_touch_10,RAW,W1 transition short,1151,0.2591831296867268,0.13471445038890578,-0.12446867929782102,0.04036052335396861,0.18157569594994785
p_touch_10,RAW,W1 rest,16692,0.16719034231850502,0.15964583861989054,-0.00754450369861448,0.0023489083396405915,0.11940320250169684
p_touch_10,BASE,W1 transition,2472,0.1705196644514653,0.19071735256120415,0.02019768810973885,0.00673825966324676,0.13495163435283616
p_touch_10,BASE,W1 transition long,1321,0.05182429677945373,0.21600502490553028,0.16418072812607654,-0.03827246645879532,0.08431638078706132
p_touch_10,BASE,W1 transition short,1151,0.2591831296867268,0.1718278819630139,-0.08735524772371289,0.04036052335396861,0.17277532648388433
p_touch_10,BASE,W1 rest,16692,0.16719034231850502,0.19743441913845353,0.030244076819948507,0.0023489083396405915,0.12048218760368769
p_touch_10,STATE,W1 transition,2472,0.1705196644514653,0.17737456414206534,0.006854899690600047,0.00673825966324676,0.14096361127396173
p_touch_10,STATE,W1 transition long,1321,0.05182429677945373,0.23318348986308046,0.18135919308362675,-0.03827246645879532,0.09100484529627036
p_touch_10,STATE,W1 transition short,1151,0.2591831296867268,0.13568622497152757,-0.12349690471519922,0.04036052335396861,0.17828197842961682
p_touch_10,STATE,W1 rest,16692,0.16719034231850502,0.22709183061431673,0.05990148829581171,0.0023489083396405915,0.13072354340603348
p_touch_10,ORACLE,W1 transition,2472,0.1705196644514653,0.21466685831734536,0.04414719386588006,0.00673825966324676,0.11072673512090475
p_touch_10,ORACLE,W1 transition long,1321,0.05182429677945373,0.12406621457254154,0.0722419177930878,-0.03827246645879532,0.057458443906693316
p_touch_10,ORACLE,W1 transition short,1151,0.2591831296867268,0.28234403211537473,0.023160902428647934,0.04036052335396861,0.15051726257656636
p_touch_10,ORACLE,W1 rest,16692,0.16719034231850502,0.21301568065542928,0.04582533833692426,0.0023489083396405915,0.11188733021658503
p_touch_10,PATH,W1 transition,2472,0.1705196644514653,0.20613612262103947,0.03561645816957418,0.00673825966324676,0.11147000415489619
p_touch_10,PATH,W1 transition long,1321,0.05182429677945373,0.12894340753990385,0.07711911076045012,-0.03827246645879532,0.0567458525064088
p_touch_10,PATH,W1 transition short,1151,0.2591831296867268,0.2637977967389721,0.00461466705224528,0.04036052335396861,0.1523480351377258
p_touch_10,PATH,W1 rest,16692,0.16719034231850502,0.21518281224233654,0.04799246992383152,0.0023489083396405915,0.11269554330433137
p_touch_10,ORACLE_W1,W1 transition,2472,0.1705196644514653,0.16695824131886067,-0.0035614231326046297,0.00673825966324676,0.10863699217544982
p_touch_10,ORACLE_W1,W1 transition long,1321,0.05182429677945373,0.08548457619036222,0.03366027941090849,-0.03827246645879532,0.05050577553404949
p_touch_10,ORACLE_W1,W1 transition short,1151,0.2591831296867268,0.22781771391151617,-0.031365415775210626,0.04036052335396861,0.15206004403380466
p_touch_10,ORACLE_W1,W1 rest,16692,0.16719034231850502,0.16718924857419465,-1.0937443103709032e-06,0.0023489083396405915,0.10859721339869693
p_adverse_3,RAW,W1 transition,2472,0.4825362239895413,0.2718966028864521,-0.2106396211030892,-0.0021846156081962555,0.2726406694989654
p_adverse_3,RAW,W1 transition long,1321,0.7495923359152059,0.3287179856845151,-0.4208743502306908,-0.029535978048368525,0.35809489949165824
p_adverse_3,RAW,W1 transition short,1151,0.2830497506756499,0.22945197512088597,-0.05359777555476394,0.01824639716352696,0.208807781166713
p_adverse_3,RAW,W1 rest,16692,0.29317918727543335,0.2969156549489034,0.003736467673470023,0.0015881612505932543,0.19375108157583878
p_adverse_3,BASE,W1 transition,2472,0.4825362239895413,0.32094308519955606,-0.16159313878998527,-0.0021846156081962555,0.25533295602160777
p_adverse_3,BASE,W1 transition long,1321,0.7495923359152059,0.37228414177284225,-0.37730819414236366,-0.029535978048368525,0.32197867607311653
p_adverse_3,BASE,W1 transition short,1151,0.2830497506756499,0.282592169962444,-0.0004575807132058962,0.01824639716352696,0.2055497117488047
p_adverse_3,BASE,W1 rest,16692,0.29317918727543335,0.3433010527973854,0.050121865521952025,0.0015881612505932543,0.1960092626564395
p_adverse_3,STATE,W1 transition,2472,0.4825362239895413,0.3170666324400014,-0.16546959154953994,-0.0021846156081962555,0.2731683295266749
p_adverse_3,STATE,W1 transition long,1321,0.7495923359152059,0.33052997286348024,-0.4190623630517257,-0.029535978048368525,0.3561798189743175
p_adverse_3,STATE,W1 transition short,1151,0.2830497506756499,0.3070097410970624,0.023959990421412503,0.01824639716352696,0.21116012774826767
p_adverse_3,STATE,W1 rest,16692,0.29317918727543335,0.27192184846334566,-0.02125733881208769,0.0015881612505932543,0.2062930727074288
p_adverse_3,ORACLE,W1 transition,2472,0.4825362239895413,0.34310065800479783,-0.1394355659847435,-0.0021846156081962555,0.21464658295904498
p_adverse_3,ORACLE,W1 transition long,1321,0.7495923359152059,0.5072505203667496,-0.24234181554845635,-0.029535978048368525,0.2263710323054935
p_adverse_3,ORACLE,W1 transition short,1151,0.2830497506756499,0.22048344134037934,-0.06256630933527058,0.01824639716352696,0.2058886143253917
p_adverse_3,ORACLE,W1 rest,16692,0.29317918727543335,0.33915918892649294,0.04598000165105959,0.0015881612505932543,0.18490853179147693
p_adverse_3,PATH,W1 transition,2472,0.4825362239895413,0.3512146042095119,-0.13132161978002943,-0.0021846156081962555,0.21538808021037073
p_adverse_3,PATH,W1 transition long,1321,0.7495923359152059,0.49880003021417735,-0.25079230570102856,-0.029535978048368525,0.23083207624393187
p_adverse_3,PATH,W1 transition short,1151,0.2830497506756499,0.24097074596599036,-0.042079004709659557,0.01824639716352696,0.20385167207354296
p_adverse_3,PATH,W1 rest,16692,0.29317918727543335,0.3497559563352452,0.05657676905981185,0.0015881612505932543,0.18558785678010248
p_adverse_3,ORACLE_W1,W1 transition,2472,0.4825362239895413,0.2998214735391087,-0.18271475045043262,-0.0021846156081962555,0.22939178170053748
p_adverse_3,ORACLE_W1,W1 transition long,1321,0.7495923359152059,0.4535866836057231,-0.29600565230948284,-0.029535978048368525,0.25497697135125635
p_adverse_3,ORACLE_W1,W1 transition short,1151,0.2830497506756499,0.1849614193977651,-0.09808833127788483,0.01824639716352696,0.21028007062346746
p_adverse_3,ORACLE_W1,W1 rest,16692,0.29317918727543335,0.2931805681277464,1.3808523130487416e-06,0.0015881612505932543,0.18268004409134664
p_adverse_5,RAW,W1 transition,2472,0.29709118640374765,0.1302116074508896,-0.16687957895285804,-0.0021846156081962555,0.21410113182480695
p_adverse_5,RAW,W1 transition long,1321,0.5306767223807582,0.18257041303185093,-0.3481063093489073,-0.029535978048368525,0.3561037292036252
p_adverse_5,RAW,W1 transition short,1151,0.12260667656351108,0.09110045063459851,-0.03150622592891257,0.01824639716352696,0.1080275536982823
p_adverse_5,RAW,W1 rest,16692,0.14609498323736786,0.15052954612999522,0.004434562892627364,0.0015881612505932543,0.11904417698955676
p_adverse_5,BASE,W1 transition,2472,0.29709118640374765,0.1730549614176947,-0.12403622498605296,-0.0021846156081962555,0.20194530449895673
p_adverse_5,BASE,W1 transition long,1321,0.5306767223807582,0.2243102655751542,-0.30636645680560404,-0.029535978048368525,0.32860222345097717
p_adverse_5,BASE,W1 transition short,1151,0.12260667656351108,0.13476810180877283,0.012161425245261745,0.01824639716352696,0.10733469289245337
p_adverse_5,BASE,W1 rest,16692,0.14609498323736786,0.19166169851038806,0.0455667152730202,0.0015881612505932543,0.12046992913560461
p_adverse_5,STATE,W1 transition,2472,0.29709118640374765,0.18030490938400587,-0.11678627701974179,-0.0021846156081962555,0.2133970123181795
p_adverse_5,STATE,W1 transition long,1321,0.5306767223807582,0.2055631107880588,-0.32511361159269947,-0.029535978048368525,0.3490544422343808
p_adverse_5,STATE,W1 transition short,1151,0.12260667656351108,0.16143745308797092,0.038830776524459834,0.01824639716352696,0.11206316873873702
p_adverse_5,STATE,W1 rest,16692,0.14609498323736786,0.1800992590147482,0.03400427577738033,0.0015881612505932543,0.12558262833809455
p_adverse_5,ORACLE,W1 transition,2472,0.29709118640374765,0.2085765833931354,-0.08851460301061226,-0.0021846156081962555,0.16583957510556357
p_adverse_5,ORACLE,W1 transition long,1321,0.5306767223807582,0.36167694014313084,-0.1689997822376274,-0.029535978048368525,0.24536902702207125
p_adverse_5,ORACLE,W1 transition short,1151,0.12260667656351108,0.09421316361992879,-0.02839351294358229,0.01824639716352696,0.10643239744161678
p_adverse_5,ORACLE,W1 rest,16692,0.14609498323736786,0.19371369958319462,0.04761871634582676,0.0015881612505932543,0.11704327734726708
p_adverse_5,PATH,W1 transition,2472,0.29709118640374765,0.19747988037776143,-0.09961130602598622,-0.0021846156081962555,0.17314359787857966
p_adverse_5,PATH,W1 transition long,1321,0.5306767223807582,0.32349392441549535,-0.2071827979652629,-0.029535978048368525,0.2627585510807095
p_adverse_5,PATH,W1 transition short,1151,0.12260667656351108,0.10334948563844847,-0.019257190925062617,0.01824639716352696,0.10620271851964411
p_adverse_5,PATH,W1 rest,16692,0.14609498323736786,0.19337417328765333,0.04727919005028547,0.0015881612505932543,0.11730869015142284
p_adverse_5,ORACLE_W1,W1 transition,2472,0.29709118640374765,0.15587409178270514,-0.1412170946210425,-0.0021846156081962555,0.1862307498124572
p_adverse_5,ORACLE_W1,W1 transition long,1321,0.5306767223807582,0.26344133136568126,-0.267235391015077,-0.029535978048368525,0.29176659848610853
p_adverse_5,ORACLE_W1,W1 transition short,1151,0.12260667656351108,0.07552315312120303,-0.04708352344230805,0.01824639716352696,0.10739722636943139
p_adverse_5,ORACLE_W1,W1 rest,16692,0.14609498323736786,0.14607504956541234,-1.993367195551876e-05,0.0015881612505932543,0.11282519124868931
