arm,field,scope,n,mean_pred,realised,gap,brier,skill_vs_eval_base,auc
A_base,p_touch_2,all,17350,0.707985916132157,0.6325648414985591,-0.07542107463359793,0.23181118796584713,0.0026476097447964975,0.6100222073339586
A_base,p_touch_2,side=long,7178,0.7599454828689981,0.657286152131513,-0.10265933073748512,0.22419282564989124,0.0074351063397744,0.6388490972128882
A_base,p_touch_2,side=short,10172,0.6713199930062188,0.6151199370821864,-0.05620005592403243,0.2371871813500323,-0.000571422012939804,0.5853175733089541
A_base,p_touch_2,month=2025-09,217,0.6111227724061526,0.42857142857142855,-0.1825513438347241,0.2738145475159122,0.04431492035208806,0.5831599028789456
A_base,p_touch_2,month=2025-10,2094,0.672723752861085,0.6532951289398281,-0.019428623921256882,0.22436679566688553,0.011296649449849427,0.5889688350812753
A_base,p_touch_2,month=2025-11,1392,0.7221469055475696,0.6695402298850575,-0.05260667566251209,0.2172945187872284,0.023936269266743748,0.6194672513528643
A_base,p_touch_2,month=2025-12,1186,0.6551244261270548,0.5,-0.1551244261270548,0.2611478144590279,0.024014426879265915,0.6301738381169859
A_base,p_touch_2,month=2026-01,1910,0.6772732097618366,0.6094240837696335,-0.06784912599220305,0.23705287682326734,0.006325351870318352,0.6013141105368379
A_base,p_touch_2,month=2026-02,1448,0.7269771340757787,0.6256906077348067,-0.10128652634097202,0.23355085091169606,0.002980908901023871,0.6317854320927315
A_base,p_touch_2,month=2026-03,1536,0.8285175387734743,0.6705729166666666,-0.1579446221068077,0.23896226070492013,-0.07471465995887794,0.6204449518400552
A_base,p_touch_2,month=2026-04,1490,0.7067156592948072,0.5409395973154363,-0.1657760619793709,0.2689269804636125,-0.04755331437430321,0.5999902050411388
A_base,p_touch_2,month=2026-05,1267,0.710594483193897,0.6314127861089187,-0.07918169708497824,0.24604260494034794,-0.05719281262663767,0.5369834047109208
A_base,p_touch_2,month=2026-06,1536,0.716290937976154,0.654296875,-0.06199406297615395,0.22634340063372882,0.0014177546513500783,0.6055653933721226
A_base,p_touch_2,month=2026-07,1466,0.7157411706456857,0.7585266030013642,0.042785432355678554,0.1814570142195414,0.0882948038798127,0.624362374507174
A_base,p_touch_2,month=2026-08,1304,0.678087788399266,0.6273006134969326,-0.05078717490233342,0.22686522298287126,0.029753551870329686,0.623076961775685
A_base,p_touch_2,month=2026-09,504,0.7026573154987324,0.6904761904761905,-0.012181125022541983,0.19948307249077574,0.08103038868842727,0.6616010904804008
A_base,p_touch_3,all,17350,0.5690412847292996,0.5115273775216138,-0.05751390720768579,0.23860554315113908,0.04507026148870308,0.6446126851967261
A_base,p_touch_3,side=long,7178,0.624603215955613,0.5458344942881025,-0.07876872166751048,0.23425756184656302,0.0594943109479662,0.667387854389212
A_base,p_touch_3,side=short,10172,0.5298333076999564,0.4873181281950452,-0.04251517950491118,0.2416737509572979,0.034946582454384645,0.6221701068305354
A_base,p_touch_3,month=2025-09,217,0.4457327996581247,0.2672811059907834,-0.17845169366734126,0.2124546597677976,0.1684689164748734,0.6636304489264802
A_base,p_touch_3,month=2025-10,2094,0.5154181729500407,0.5171919770773639,0.0017738041273231975,0.2374582099395402,0.049165070031244484,0.633911552790039
A_base,p_touch_3,month=2025-11,1392,0.5826588844043341,0.5617816091954023,-0.02087727520893179,0.23225552239490385,0.06615373745129194,0.6496394281162216
A_base,p_touch_3,month=2025-12,1186,0.5002077155562463,0.36677908937605397,-0.13342862618019236,0.228068400565029,0.0992710617752427,0.678860370081271
A_base,p_touch_3,month=2026-01,1910,0.5341067274401455,0.48900523560209425,-0.04510149183805129,0.244060009155841,0.02526636365209045,0.6192375030715765
A_base,p_touch_3,month=2026-02,1448,0.5918766288096693,0.5262430939226519,-0.0656335348870174,0.23086237770619522,0.07480317106901668,0.6724698315771753
A_base,p_touch_3,month=2026-03,1536,0.7272260333675931,0.5540364583333334,-0.1731895750342597,0.25903093701264523,-0.040756851513324976,0.6682425999468208
A_base,p_touch_3,month=2026-04,1490,0.5762129277617558,0.4120805369127517,-0.1641323908490041,0.2638465106317971,-0.046346271539999595,0.6057953311617807
A_base,p_touch_3,month=2026-05,1267,0.5725239879578796,0.5011838989739542,-0.07134008898392541,0.24941564443983977,0.002758600889602114,0.6112541114322735
A_base,p_touch_3,month=2026-06,1536,0.5824895963849395,0.5403645833333334,-0.0421250130516061,0.23299371206760508,0.06504183054909385,0.6532091538960374
A_base,p_touch_3,month=2026-07,1466,0.5787767692470448,0.6521145975443383,0.07333782829729352,0.22145919554406737,0.10204410204615577,0.6513988021987037
A_base,p_touch_3,month=2026-08,1304,0.5286673081535891,0.5053680981595092,-0.02329920999407986,0.22966566794445917,0.08137084071198386,0.6570290903530132
A_base,p_touch_3,month=2026-09,504,0.5591877316399622,0.5476190476190477,-0.011568684020914488,0.22460292705972176,0.09810711131082761,0.6806588482074752
A_base,p_touch_5,all,17350,0.3656800632324907,0.30703170028818444,-0.058648362944306254,0.19702830996735143,0.07395509527914801,0.6935534015969422
A_base,p_touch_5,side=long,7178,0.4097968215597228,0.3410420730008359,-0.06875474855888691,0.20193580147835485,0.10604001357974391,0.7135792777294145
A_base,p_touch_5,side=short,10172,0.33454851670546826,0.28303185214313803,-0.05151666456233023,0.19356527673239443,0.04882309079915004,0.6722843999063275
A_base,p_touch_5,month=2025-09,217,0.2298462403550634,0.12442396313364056,-0.10542227722142285,0.11074772387169497,0.22166628378887343,0.729337231968811
A_base,p_touch_5,month=2025-10,2094,0.2918597184511568,0.2917860553963706,-7.36630547862327e-05,0.1931756485573198,0.06624021305227512,0.6781041658159632
A_base,p_touch_5,month=2025-11,1392,0.3728074294646704,0.3390804597701149,-0.033726969694555464,0.2161714979130364,0.03980120847377089,0.6622881355932203
A_base,p_touch_5,month=2025-12,1186,0.2928031070655956,0.18887015177065766,-0.10393295529493793,0.142821211796022,0.1456036345545989,0.7635970448470448
A_base,p_touch_5,month=2026-01,1910,0.3337567982551322,0.27015706806282724,-0.06359973019230497,0.1904745436467131,0.04058500850416291,0.6698642020619933
A_base,p_touch_5,month=2026-02,1448,0.38693319623358,0.35359116022099446,-0.03334203601258556,0.2038880406328363,0.11634349364969576,0.695095486111111
A_base,p_touch_5,month=2026-03,1536,0.5422428593969008,0.3450520833333333,-0.19719077606356744,0.2306582823115876,-0.014164775377824679,0.7385610863123148
A_base,p_touch_5,month=2026-04,1490,0.38592209900531477,0.212751677852349,-0.17317042115296577,0.20605664960001657,-0.16827310063799583,0.6186958942128491
A_base,p_touch_5,month=2026-05,1267,0.36904694496035195,0.3014996053670087,-0.06754733959334325,0.19939913674773294,0.05331223832036047,0.6901085573993552
A_base,p_touch_5,month=2026-06,1536,0.38458880064639267,0.3522135416666667,-0.032375258979725985,0.19513641654773048,0.15231998021129467,0.7141297987163173
A_base,p_touch_5,month=2026-07,1466,0.37891433268988023,0.4208731241473397,0.041958791457459454,0.21243445845172126,0.17243690890983399,0.7166892883800753
A_base,p_touch_5,month=2026-08,1304,0.32306768875824726,0.3220858895705521,-0.0009817991876951426,0.18457936501911298,0.15552608109614463,0.7239307261366086
A_base,p_touch_5,month=2026-09,504,0.35032245715971483,0.3134920634920635,-0.03683039366765134,0.18801982262163222,0.12653137076896326,0.7261652154825493
A_base,p_touch_10,all,17350,0.2028286342110493,0.17164265129682998,-0.031185982914219312,0.12385222614688102,0.12891432184429252,0.7543132428419785
A_base,p_touch_10,side=long,7178,0.2221425374664509,0.1986625801058791,-0.023479957360571818,0.13594915212098496,0.1499237672564021,0.7572904698554755
A_base,p_touch_10,side=short,10172,0.18919953496141573,0.1525756979944947,-0.036623836966921036,0.1153158778729803,0.11062807290487775,0.7471906618508861
A_base,p_touch_10,month=2025-09,217,0.10700691502436163,0.06912442396313365,-0.037882491061227985,0.05696356794463642,0.23902697454070743,0.795049504950495
A_base,p_touch_10,month=2025-10,2094,0.14250019705622757,0.15377268385864373,0.01127248680241616,0.11503354302113779,0.11815188263979504,0.737190317288953
A_base,p_touch_10,month=2025-11,1392,0.19901517160142487,0.1810344827586207,-0.017980688842804182,0.12949375324425302,0.12710180702080576,0.74765559732665
A_base,p_touch_10,month=2025-12,1186,0.15685829642379948,0.06661045531197302,-0.09024784111182646,0.07292238194851579,0.0038642411985271297,0.7759939624712703
A_base,p_touch_10,month=2026-01,1910,0.1841003353855328,0.15916230366492146,-0.024938031720611348,0.1233911872829686,0.07907006783190296,0.7162091580913679
A_base,p_touch_10,month=2026-02,1448,0.2122217153744316,0.2175414364640884,0.005319721089656809,0.14938052123941079,0.13314080443257248,0.7121814539290268
A_base,p_touch_10,month=2026-03,1536,0.3167177294606844,0.20247395833333334,-0.11424377112735104,0.14876318526287816,0.0841330893269796,0.7768724981954197
A_base,p_touch_10,month=2026-04,1490,0.23376000764039973,0.11409395973154363,-0.1196660479088561,0.12085866597173942,-0.1577789212638232,0.6716711229946524
A_base,p_touch_10,month=2026-05,1267,0.20858074744935476,0.1910023677979479,-0.01757837965140685,0.13037174134447158,0.1583232454539043,0.7679782301955251
A_base,p_touch_10,month=2026-06,1536,0.21552379290211862,0.22786458333333334,0.012340790431214721,0.13093737328627075,0.2689278684093114,0.8171115393880992
A_base,p_touch_10,month=2026-07,1466,0.2154747969156663,0.2291950886766712,0.013720291761004921,0.14586562354130417,0.18953178863129883,0.7681824167720186
A_base,p_touch_10,month=2026-08,1304,0.1784523708030665,0.1687116564417178,-0.009740714361348712,0.10737499938127647,0.2344390147024069,0.8083570949345857
A_base,p_touch_10,month=2026-09,504,0.19203175978564516,0.12301587301587301,-0.06901588676977215,0.09550973914383717,0.13367911475708172,0.8291125383155744
A_base,p_adverse_3,all,17350,0.3202919173874562,0.46812680115273775,0.14783488376528153,0.2595599316621457,-0.04247593521468063,0.6264085091282947
A_base,p_adverse_3,side=long,7178,0.33092997044444017,0.44859292281972696,0.11766295237528679,0.2518480689946733,-0.016586754958444416,0.6221332139640134
A_base,p_adverse_3,side=short,10172,0.31278504117402417,0.48191112858828156,0.1691260874142574,0.26500190474778434,-0.06058966884548478,0.6316298114776372
A_base,p_adverse_3,month=2025-09,217,0.25002551612837914,0.41013824884792627,0.16011273271954712,0.2559828612517314,-0.043603207345770834,0.6241221910112359
A_base,p_adverse_3,month=2025-10,2094,0.2825938142707296,0.41212989493791785,0.12953608066718825,0.25612475910111415,-0.043641516863060614,0.5796416068858468
A_base,p_adverse_3,month=2025-11,1392,0.31769446517969496,0.43103448275862066,0.1133400175789257,0.2373055408012335,0.03776689609454709,0.665680765993266
A_base,p_adverse_3,month=2025-12,1186,0.2885027526028016,0.3836424957841484,0.09513974318134677,0.24226354702083192,0.00548025495291915,0.5936967273492582
A_base,p_adverse_3,month=2026-01,1910,0.31255398559139524,0.5261780104712042,0.21362402487980892,0.2800555795523282,-0.10832048711801745,0.6448266952530166
A_base,p_adverse_3,month=2026-02,1448,0.33187513125081386,0.5808011049723757,0.24892597372156183,0.3009623689612543,-0.17486930288478364,0.5981043591707527
A_base,p_adverse_3,month=2026-03,1536,0.36946454073701807,0.5546875,0.18522295926298193,0.2769292708852848,-0.08812204282476399,0.6001908134969662
A_base,p_adverse_3,month=2026-04,1490,0.3672715149112728,0.5798657718120805,0.21259425690080774,0.2726921353762024,-0.06475838492965758,0.6540424210152644
A_base,p_adverse_3,month=2026-05,1267,0.3286120357166079,0.4506708760852407,0.12205884036863279,0.2556128570672529,-0.031231968969998247,0.6031488415161946
A_base,p_adverse_3,month=2026-06,1536,0.33454370314520004,0.4654947916666667,0.13095108852146664,0.26276769716348075,-0.056070997271354006,0.5943204177065322
A_base,p_adverse_3,month=2026-07,1466,0.31456635160360713,0.41336971350613916,0.09880336190253203,0.24677122818975153,-0.005204601804549958,0.6088293422365492
A_base,p_adverse_3,month=2026-08,1304,0.2948859930904896,0.37423312883435583,0.07934713574386626,0.22480788325783016,0.0748597888656446,0.6474706685953069
A_base,p_adverse_3,month=2026-09,504,0.3144865960854883,0.34325396825396826,0.028767372168479965,0.21641731407531975,0.10209191390360794,0.6092503012416395
A_base,p_adverse_5,all,17350,0.17398591463451082,0.27642651296829973,0.10244059833378891,0.19691498736494478,0.015498388345764336,0.6656494153762834
A_base,p_adverse_5,side=long,7178,0.19456435786808213,0.2524380050153246,0.05787364714724247,0.18254732235143667,0.035613281033123556,0.6559857092197707
A_base,p_adverse_5,side=short,10172,0.1594644768120005,0.29335430593786865,0.13388982912586816,0.20705371126063504,0.0025550898219678375,0.6811567182271315
A_base,p_adverse_5,month=2025-09,217,0.10358253027358127,0.20276497695852536,0.09918244668494408,0.16834158382925576,-0.007566679542748034,0.5962953231739359
A_base,p_adverse_5,month=2025-10,2094,0.13693332835847694,0.21060171919770773,0.0736683908392308,0.16541212131637184,0.03030466996242298,0.6215394808861234
A_base,p_adverse_5,month=2025-11,1392,0.17160727003288012,0.26939655172413796,0.09778928169125783,0.18197203910896662,0.07568100593515403,0.7220635857096035
A_base,p_adverse_5,month=2025-12,1186,0.14278625384886617,0.19561551433389546,0.052829260485029284,0.15488202299280324,0.05490878574480307,0.6298073447552952
A_base,p_adverse_5,month=2026-01,1910,0.16502008454614658,0.34083769633507854,0.17581761178893196,0.23503533802497792,-0.027179795106083038,0.6956219368015724
A_base,p_adverse_5,month=2026-02,1448,0.18387804477427297,0.3888121546961326,0.20493410992185965,0.26657621109389573,-0.06516385992268003,0.6428585764317467
A_base,p_adverse_5,month=2026-03,1536,0.22998212622223965,0.3313802083333333,0.10139808211109366,0.2322835317157219,-0.03426844749128444,0.5778020939543906
A_base,p_adverse_5,month=2026-04,1490,0.20422304049769288,0.374496644295302,0.1702736037976091,0.2451689607529719,-0.005340223203720296,0.6635814220007077
A_base,p_adverse_5,month=2026-05,1267,0.18119756508939863,0.2612470402525651,0.08004947516316649,0.1824071908577651,0.05599748002764471,0.6831458026699718
A_base,p_adverse_5,month=2026-06,1536,0.18762645101694686,0.24479166666666666,0.0571652156497198,0.17407528187673027,0.06345414453926879,0.6786695249449743
A_base,p_adverse_5,month=2026-07,1466,0.17652971438983373,0.24829467939972716,0.07176496500989343,0.182613357358443,0.02572866799676754,0.654277437625895
A_base,p_adverse_5,month=2026-08,1304,0.15179501758893674,0.20475460122699388,0.05295958363805714,0.15975444150378004,0.048893979649131114,0.6522813214436631
A_base,p_adverse_5,month=2026-09,504,0.17405664446278318,0.16865079365079366,-0.005405850811989521,0.12906179450082564,0.1499210810009265,0.6810332724975431
B_breadth,p_touch_2,all,17350,0.6985272362037723,0.6325648414985591,-0.06596239470521326,0.22998150811892404,0.010519686950144158,0.6141907901201483
B_breadth,p_touch_2,side=long,7178,0.7483538491634006,0.657286152131513,-0.09106769703188766,0.2210049179408385,0.02154887321461585,0.6436981530688559
B_breadth,p_touch_2,side=short,10172,0.6633664587928194,0.6151199370821864,-0.04824652171063304,0.2363159521120716,0.003103848600606307,0.5899076406072709
B_breadth,p_touch_2,month=2025-09,217,0.6037624979921972,0.42857142857142855,-0.17519106942076862,0.27167898972831594,0.051768580987898716,0.5772632674297606
B_breadth,p_touch_2,month=2025-10,2094,0.6617606212052906,0.6532951289398281,-0.008465492265462449,0.22308544383974294,0.016943103689942784,0.595925865513186
B_breadth,p_touch_2,month=2025-11,1392,0.7095220377238984,0.6695402298850575,-0.03998180783884098,0.21386509099030993,0.03934089202677882,0.6318727841015115
B_breadth,p_touch_2,month=2025-12,1186,0.6432059092431666,0.5,-0.14320590924316656,0.25720939846818985,0.03873343647912997,0.6340384872415392
B_breadth,p_touch_2,month=2026-01,1910,0.6640346016532274,0.6094240837696335,-0.054610517883593834,0.2361684667897612,0.010032608414189625,0.5990103000654119
B_breadth,p_touch_2,month=2026-02,1448,0.7183457027134005,0.6256906077348067,-0.09265509497859381,0.2310646378473226,0.01359445143381155,0.6380729535772178
B_breadth,p_touch_2,month=2026-03,1536,0.8198715728762168,0.6705729166666666,-0.14929865620955018,0.23501195672225017,-0.056948467134347425,0.6315562761425995
B_breadth,p_touch_2,month=2026-04,1490,0.6980646302388518,0.5409395973154363,-0.1571250329234155,0.268368239975952,-0.045376848298958716,0.5907847575929069
B_breadth,p_touch_2,month=2026-05,1267,0.698845365970634,0.6314127861089187,-0.06743257986171525,0.24423476367917454,-0.04942490272279909,0.5442425053533191
B_breadth,p_touch_2,month=2026-06,1536,0.7061237573893696,0.654296875,-0.05182688238936961,0.22428769386675432,0.01048712567518506,0.6095145740225426
B_breadth,p_touch_2,month=2026-07,1466,0.7117386309113993,0.7585266030013642,0.04678797208996488,0.1819710728681906,0.08571198864337914,0.6252260903141893
B_breadth,p_touch_2,month=2026-08,1304,0.672604877945805,0.6273006134969326,-0.04530426444887248,0.22566484928924638,0.03488725326957742,0.6274034833529536
B_breadth,p_touch_2,month=2026-09,504,0.7019226089691861,0.6904761904761905,-0.011446418492995658,0.19808540184598297,0.08746911470737906,0.669567860300619
B_breadth,p_touch_3,all,17350,0.5604250726052111,0.5115273775216138,-0.048897695083597315,0.23777799759693122,0.048382204074987945,0.6459759923553119
B_breadth,p_touch_3,side=long,7178,0.6170969169214108,0.5458344942881025,-0.07126242263330829,0.23199045832539256,0.0685963597464051,0.6703636198511197
B_breadth,p_touch_3,side=short,10172,0.5204338714155059,0.4873181281950452,-0.03311574322046068,0.24186204762554941,0.03419467480000027,0.6232200761641198
B_breadth,p_touch_3,month=2025-09,217,0.4322940824418382,0.2672811059907834,-0.16501297645105478,0.2073055483511581,0.1886221397562523,0.6649859032747778
B_breadth,p_touch_3,month=2025-10,2094,0.5028099794463498,0.5171919770773639,0.01438199763101411,0.23724485446188318,0.05001939231687158,0.6356911462371897
B_breadth,p_touch_3,month=2025-11,1392,0.5714047145663543,0.5617816091954023,-0.009623105370952012,0.22942277503453748,0.07754356580906496,0.6579619303173871
B_breadth,p_touch_3,month=2025-12,1186,0.49284532399277015,0.36677908937605397,-0.12606623461671618,0.22663727562765176,0.10492311897438644,0.6778486921652357
B_breadth,p_touch_3,month=2026-01,1910,0.5213990516556968,0.48900523560209425,-0.03239381605360253,0.2447430357979766,0.02253847289721378,0.6165493251307614
B_breadth,p_touch_3,month=2026-02,1448,0.5807175586544383,0.5262430939226519,-0.05447446473178641,0.22849654149154933,0.08428442212996734,0.6748878966659779
B_breadth,p_touch_3,month=2026-03,1536,0.717508173238287,0.5540364583333334,-0.1634717149049536,0.2547142466594842,-0.023412880508446587,0.6764424850111934
B_breadth,p_touch_3,month=2026-04,1490,0.5749251353988125,0.4120805369127517,-0.1628445984860608,0.26677445170739444,-0.05795772025843848,0.6010775958234795
B_breadth,p_touch_3,month=2026-05,1267,0.5665667018050321,0.5011838989739542,-0.06538280283107789,0.24965788623591043,0.0017900427697653543,0.6112279477723512
B_breadth,p_touch_3,month=2026-06,1536,0.5762679377772074,0.5403645833333334,-0.03590335444387405,0.2308144070039362,0.07378695527766044,0.6597563056759617
B_breadth,p_touch_3,month=2026-07,1466,0.5724779212561906,0.6521145975443383,0.07963667628814775,0.22213358822588702,0.09930962590625503,0.6517115842152761
B_breadth,p_touch_3,month=2026-08,1304,0.5211655617180619,0.5053680981595092,-0.015797463558552716,0.22976235045878468,0.08098412476245775,0.6545917587135782
B_breadth,p_touch_3,month=2026-09,504,0.554466015537985,0.5476190476190477,-0.006846967918937352,0.22293907659854365,0.10478830161597319,0.685632786676837
B_breadth,p_touch_5,all,17350,0.3518344148571474,0.30703170028818444,-0.044802714568962954,0.19590003848652343,0.07925803908522211,0.6922690929613491
B_breadth,p_touch_5,side=long,7178,0.3956443586394161,0.3410420730008359,-0.05460228563858022,0.20023247315659856,0.11358056534044647,0.7139838017659496
B_breadth,p_touch_5,side=short,10172,0.320919375880631,0.28303185214313803,-0.03788752373749299,0.19284280135893794,0.052373324106997576,0.6700671067485525
B_breadth,p_touch_5,month=2025-09,217,0.21706463608413734,0.12442396313364056,-0.09264067295049679,0.10743552737643654,0.24494436226173366,0.7205653021442495
B_breadth,p_touch_5,month=2025-10,2094,0.27791696136818156,0.2917860553963706,0.013869094028189033,0.19313278839807657,0.06644738768045622,0.6771638857405202
B_breadth,p_touch_5,month=2025-11,1392,0.3565775547970513,0.3390804597701149,-0.01749709502693636,0.21322649100124746,0.052882452324307105,0.6639047531319087
B_breadth,p_touch_5,month=2025-12,1186,0.2867054106504733,0.18887015177065766,-0.09783525887981562,0.1403459665937888,0.16041124245667038,0.7658407892782891
B_breadth,p_touch_5,month=2026-01,1910,0.3184254474594953,0.27015706806282724,-0.04826837939666806,0.18812858641028488,0.05240153001378789,0.6697835685607199
B_breadth,p_touch_5,month=2026-02,1448,0.3658980705045527,0.35359116022099446,-0.012306910283558237,0.20424318454958645,0.11480428991929092,0.6931079310229702
B_breadth,p_touch_5,month=2026-03,1536,0.5153882564093905,0.3450520833333333,-0.17033617307605714,0.22233211069793132,0.022443968430100325,0.7394041411905923
B_breadth,p_touch_5,month=2026-04,1490,0.3911358508103416,0.212751677852349,-0.17838417295799258,0.20974703875738704,-0.18919638747106315,0.6168819468536283
B_breadth,p_touch_5,month=2026-05,1267,0.3618131870970761,0.3014996053670087,-0.0603135817300674,0.19957768476403223,0.05246454547344226,0.6832076197237259
B_breadth,p_touch_5,month=2026-06,1536,0.37178274769054537,0.3522135416666667,-0.019569206023878682,0.1939007183278969,0.15768790030521107,0.7184536360174254
B_breadth,p_touch_5,month=2026-07,1466,0.3607936824471771,0.4208731241473397,0.060079441700162606,0.21284354496314842,0.17084326492011903,0.7195699774546468
B_breadth,p_touch_5,month=2026-08,1304,0.30681435924240386,0.3220858895705521,0.015271530328148264,0.18621127142186417,0.14805990309150752,0.7182611506140918
B_breadth,p_touch_5,month=2026-09,504,0.33323515796136943,0.3134920634920635,-0.019743094469305944,0.18498214621272413,0.14064326073854316,0.7247932977244458
B_breadth,p_touch_10,all,17350,0.19279058971484458,0.17164265129682998,-0.0211479384180146,0.12341738580117871,0.13197266975784827,0.7526467169858861
B_breadth,p_touch_10,side=long,7178,0.21476329891558466,0.1986625801058791,-0.016100718809705566,0.13614455343201318,0.14870194271567816,0.7568683348385927
B_breadth,p_touch_10,side=short,10172,0.17728527054035464,0.1525756979944947,-0.024709572545859954,0.11443629955912898,0.11741180706577703,0.7428215893869448
B_breadth,p_touch_10,month=2025-09,217,0.09774659239612583,0.06912442396313365,-0.028622168432992187,0.05622323047158154,0.24891710023085056,0.7884488448844885
B_breadth,p_touch_10,month=2025-10,2094,0.13435864893066926,0.15377268385864373,0.01941403492797447,0.11616242558764402,0.10949785930147748,0.7312297575817058
B_breadth,p_touch_10,month=2025-11,1392,0.1908097357949006,0.1810344827586207,-0.009775253036279907,0.1287201049746287,0.13231685531184378,0.7485362712336396
B_breadth,p_touch_10,month=2025-12,1186,0.15087182335405983,0.06661045531197302,-0.08426136804208681,0.06999532355389253,0.04384850195735457,0.7810252364127017
B_breadth,p_touch_10,month=2026-01,1910,0.17445891648251885,0.15916230366492146,-0.015296612817597394,0.12210851151702075,0.08864331639315626,0.7164733810709838
B_breadth,p_touch_10,month=2026-02,1448,0.19648521065335214,0.2175414364640884,0.021056225810736268,0.15065610345422278,0.1257385664202959,0.7080948178035557
B_breadth,p_touch_10,month=2026-03,1536,0.29837515292676503,0.20247395833333334,-0.09590119459343169,0.14664927904408728,0.09714744334632441,0.7720847824660411
B_breadth,p_touch_10,month=2026-04,1490,0.23618329868630583,0.11409395973154363,-0.1220893389547622,0.11948614320980015,-0.14463068807796575,0.6710784313725491
B_breadth,p_touch_10,month=2026-05,1267,0.2007914871424562,0.1910023677979479,-0.009789119344508296,0.12903638259427586,0.1669442886909488,0.771358597057045
B_breadth,p_touch_10,month=2026-06,1536,0.2077262747179599,0.22786458333333334,0.02013830861537344,0.13323660456842698,0.2560904036559063,0.8163815947964346
B_breadth,p_touch_10,month=2026-07,1466,0.2011506521100208,0.2291950886766712,0.0280444365666504,0.14579055540039915,0.18994888719374958,0.7697205541508639
B_breadth,p_touch_10,month=2026-08,1304,0.16263915801533207,0.1687116564417178,0.006072498426385714,0.10805855039470634,0.22956544086903852,0.8075058705132507
B_breadth,p_touch_10,month=2026-09,504,0.17744924553575983,0.12301587301587301,-0.05443337251988682,0.09168943950141509,0.16833113451741266,0.8292220113851992
B_breadth,p_adverse_3,all,17350,0.3128352577097593,0.46812680115273775,0.15529154344297846,0.2623091873453918,-0.05351782781799219,0.6220721142264045
B_breadth,p_adverse_3,side=long,7178,0.3353448817605492,0.44859292281972696,0.11324804105917774,0.25210021797674054,-0.017604556351439093,0.6127551244589934
B_breadth,p_adverse_3,side=short,10172,0.2969510578044733,0.48191112858828156,0.18496007078380827,0.26951327524631397,-0.07864505960816115,0.6349899200806394
B_breadth,p_adverse_3,month=2025-09,217,0.23811856676828455,0.41013824884792627,0.17201968207964172,0.26016877298128677,-0.06066853306823927,0.6295646067415731
B_breadth,p_adverse_3,month=2025-10,2094,0.2695413658228291,0.41212989493791785,0.14258852911508874,0.25746058002699074,-0.049084638341171605,0.5865140871254658
B_breadth,p_adverse_3,month=2025-11,1392,0.314493251632602,0.43103448275862066,0.11654123112601866,0.23550500314812442,0.04506776622509734,0.6760153619528619
B_breadth,p_adverse_3,month=2025-12,1186,0.2872009689441546,0.3836424957841484,0.0964415268399938,0.24287718329620364,0.0029612074130024313,0.5858435681965094
B_breadth,p_adverse_3,month=2026-01,1910,0.3023882518549659,0.5261780104712042,0.2237897586162383,0.2853564425528957,-0.1292986624942276,0.6376718616860448
B_breadth,p_adverse_3,month=2026-02,1448,0.3117193015711389,0.5808011049723757,0.2690818034012368,0.31197618645384084,-0.21786403383495534,0.5926566200510492
B_breadth,p_adverse_3,month=2026-03,1536,0.35995516144426426,0.5546875,0.19473233855573574,0.28537762846209275,-0.121317681825303,0.5712384688246438
B_breadth,p_adverse_3,month=2026-04,1490,0.37197532928374605,0.5798657718120805,0.2078904425283345,0.2720503280686925,-0.062252373118068194,0.6443856496272631
B_breadth,p_adverse_3,month=2026-05,1267,0.33237139279505484,0.4506708760852407,0.11829948329018586,0.25416508774460056,-0.02539115944913628,0.6031488415161945
B_breadth,p_adverse_3,month=2026-06,1536,0.3307026014462829,0.4654947916666667,0.1347921902203838,0.26540245425646924,-0.06666016245716833,0.58447228776096
B_breadth,p_adverse_3,month=2026-07,1466,0.3039391537328305,0.41336971350613916,0.10943055977330868,0.24806733240167161,-0.010484187791124144,0.609047125642797
B_breadth,p_adverse_3,month=2026-08,1304,0.2838828014418045,0.37423312883435583,0.09035032739255133,0.22705012107266503,0.0656324239913858,0.648989975088396
B_breadth,p_adverse_3,month=2026-09,504,0.3021988403329756,0.34325396825396826,0.04105512792099264,0.2176929878300288,0.0967991868199719,0.6082723573686324
B_breadth,p_adverse_5,all,17350,0.17254909731811488,0.27642651296829973,0.10387741565018485,0.19805992597962543,0.00977412161278468,0.6604769730045603
B_breadth,p_adverse_5,side=long,7178,0.20100749787257252,0.2524380050153246,0.051430507142752074,0.1830336960927242,0.03304379729318174,0.6462559311798018
B_breadth,p_adverse_5,side=short,10172,0.1524670682992496,0.29335430593786865,0.14088723763861905,0.2086633744782665,-0.005199180187258179,0.6836440612220844
B_breadth,p_adverse_5,month=2025-09,217,0.09843041363648854,0.20276497695852536,0.10433456332203682,0.17041194290529066,-0.01995829884589928,0.5954414083026799
B_breadth,p_adverse_5,month=2025-10,2094,0.12912890171259112,0.21060171919770773,0.08147281748511662,0.16543727408423228,0.03015721691401463,0.6284313685143346
B_breadth,p_adverse_5,month=2025-11,1392,0.17440332547473467,0.26939655172413796,0.09499322624940329,0.17837203652852926,0.09396706119987608,0.731874139626352
B_breadth,p_adverse_5,month=2025-12,1186,0.14551997413904494,0.19561551433389546,0.05009554019485052,0.15585241619385942,0.04898743947769124,0.6167272102942241
B_breadth,p_adverse_5,month=2026-01,1910,0.16095980606779298,0.34083769633507854,0.17987789026728557,0.23737940304522004,-0.037424110907444685,0.6884258225568534
B_breadth,p_adverse_5,month=2026-02,1448,0.17173534720354944,0.3888121546961326,0.21707680749258318,0.27154108310139496,-0.0850020975877328,0.6372329429709687
B_breadth,p_adverse_5,month=2026-03,1536,0.2258103181268817,0.3313802083333333,0.1055698902064516,0.23739685082108186,-0.05703607364870167,0.5558773622984908
B_breadth,p_adverse_5,month=2026-04,1490,0.21432915646931563,0.374496644295302,0.16016748782598636,0.24556029794158774,-0.006944941090285761,0.64732259602812
B_breadth,p_adverse_5,month=2026-05,1267,0.18871811815438874,0.2612470402525651,0.07252892209817638,0.18185641559523724,0.05884787881576137,0.6814786841221887
B_breadth,p_adverse_5,month=2026-06,1536,0.19254213851891888,0.24479166666666666,0.052249528147747776,0.17565240368441556,0.054969040412938264,0.6718784391049156
B_breadth,p_adverse_5,month=2026-07,1466,0.17314828925528333,0.24829467939972716,0.07514639014444383,0.18338452427585064,0.02161436972917241,0.6523528649209229
B_breadth,p_adverse_5,month=2026-08,1304,0.1472685504275636,0.20475460122699388,0.05748605079943028,0.15997079932358022,0.04760588259827658,0.6502244662831056
B_breadth,p_adverse_5,month=2026-09,504,0.16585343995916288,0.16865079365079366,0.002797353691630783,0.1290267287379558,0.15015204529140125,0.6834479853994104
